image,Efficiency and Ease to use,Color Contrast,Readability,Simplicity
0001_app-inventor,0.17,0.15,0.17,0.14
0015_app-inventor_our-apps,0.67,0.6,0.67,0.54
0016_app-inventor,0,0,0,0
0017_app-inventor,0.17,0.15,0.17,0.14
0019_app-inventor,0.67,0.6,0.67,0.54
0021_app-inventor,0.17,0.15,0.17,0.14
0022_app-inventor,0,0,0,0
0024_app-inventor,0.33,0.3,0.33,0.26
0025_app-inventor,0,0,0,0
0026_app-inventor,0,0,0,0
0027_app-inventor,0,0,0,0
0028_app-inventor_our-apps,0.83,0.75,0.83,0.66
0030_app-inventor,0,0,0,0
0032_app-inventor,0,0,0,0
0033_app-inventor,0.17,0.15,0.17,0.14
0034_app-inventor,0.17,0.15,0.17,0.14
0035_rico,0.5,0.45,0.5,0.4
0036_app-inventor,0.17,0.15,0.17,0.14
0037_app-inventor,0.17,0.15,0.17,0.14
0038_rico,0,0,0,0
0040_app-inventor,0,0,0,0
0042_app-inventor,0.17,0.15,0.17,0.14
0043_app-inventor,0,0,0,0
0044_app-inventor,0.33,0.3,0.33,0.26
0045_app-inventor,0.17,0.15,0.17,0.14
0047_app-inventor,0,0,0,0
0048_app-inventor,0,0,0,0
0049_app-inventor,0,0,0,0
0050_app-inventor,0,0,0,0
0051_app-inventor,0,0,0,0
0052_app-inventor,0,0,0,0
0054_app-inventor,0,0,0,0
0055_app-inventor,0,0,0,0
0059_app-inventor,0,0,0,0
0060_app-inventor,0,0,0,0
0062_app-inventor,0,0,0,0
0064_app-inventor,0,0,0,0
0065_app-inventor,0,0,0,0
0066_rico,0.5,0.45,0.5,0.4
0067_app-inventor,0.17,0.15,0.17,0.14
0069_rico,0.83,0.75,0.83,0.66
0070_rico,0.17,0.15,0.17,0.14
0071_app-inventor,0,0,0,0
0072_app-inventor,0.17,0.15,0.17,0.14
0073_app-inventor,0,0,0,0
0074_app-inventor,0.33,0.3,0.33,0.26
0075_app-inventor,0.17,0.15,0.17,0.14
0076_app-inventor,0,0,0,0
0077_rico,0.33,0.3,0.33,0.26
0079_app-inventor,0.33,0.3,0.33,0.26
0080_rico,0.67,0.6,0.67,0.54
0081_app-inventor,0.17,0.15,0.17,0.14
0083_app-inventor,0,0,0,0
0085_app-inventor,0.17,0.15,0.17,0.14
0086_rico,0.83,0.75,0.83,0.66
0087_rico,0.17,0.15,0.17,0.14
0088_app-inventor,0.17,0.15,0.17,0.14
0089_app-inventor,0,0,0,0
0090_app-inventor_our-apps,0.83,0.75,0.83,0.66
0091_app-inventor,0.33,0.3,0.33,0.26
0092_app-inventor,0,0,0,0
0093_rico,1,0.9,1,0.8
0096_app-inventor,0,0,0,0
0098_rico,1,0.9,1,0.8
0099_app-inventor,0,0,0,0
0100_app-inventor,0,0,0,0
0105_app-inventor,0,0,0,0
0106_app-inventor_our-apps,1,0.9,1,0.8
0107_rico,0.83,0.75,0.83,0.66
0108_app-inventor,0,0,0,0
0110_app-inventor,0.33,0.3,0.33,0.26
0111_app-inventor,0,0,0,0
0113_app-inventor,0.17,0.15,0.17,0.14
0114_app-inventor,0,0,0,0
0115_app-inventor,0.17,0.15,0.17,0.14
0116_app-inventor_our-apps,1,0.9,1,0.8
0117_app-inventor,0.17,0.15,0.17,0.14
0118_app-inventor,0.17,0.15,0.17,0.14
0119_app-inventor,0,0,0,0
0120_app-inventor,0.17,0.15,0.17,0.14
0121_rico,0.17,0.15,0.17,0.14
0122_app-inventor,0.17,0.15,0.17,0.14
0123_app-inventor,0.17,0.15,0.17,0.14
0124_app-inventor,0,0,0,0
0125_rico,0.67,0.6,0.67,0.54
0130_rico,0.33,0.3,0.33,0.26
0133_rico,1,0.9,1,0.8
0135_rico,0.83,0.75,0.83,0.66
0136_app-inventor,0,0,0,0
0137_rico,0.5,0.45,0.5,0.4
0138_rico,0.67,0.6,0.67,0.54
0140_rico,0.83,0.75,0.83,0.66
0141_rico,0.33,0.3,0.33,0.26
0142_app-inventor,0,0,0,0
0143_app-inventor_our-apps,0.67,0.6,0.67,0.54
0145_app-inventor,0,0,0,0
0146_rico,0.83,0.75,0.83,0.66
0147_app-inventor,0,0,0,0
0148_rico,1,0.9,1,0.8
0149_rico,0.67,0.6,0.67,0.54
0151_app-inventor,0,0,0,0
0152_app-inventor,0,0,0,0
0153_app-inventor,0,0,0,0
0154_rico,0.17,0.15,0.17,0.14
0155_rico,0.67,0.6,0.67,0.54
0158_rico,1,0.9,1,0.8
0159_rico,1,0.9,1,0.8
0160_rico,0.67,0.6,0.67,0.54
0161_rico,1,0.9,1,0.8
0162_app-inventor,0,0,0,0
0163_app-inventor,0,0,0,0
0164_rico,0.83,0.75,0.83,0.66
0165_rico,0.17,0.15,0.17,0.14
0167_rico,0.33,0.3,0.33,0.26
0168_app-inventor,0,0,0,0
0169_app-inventor,0,0,0,0
0170_app-inventor,0,0,0,0
0171_app-inventor_our-apps,1,0.9,1,0.8
0172_app-inventor_our-apps,0.67,0.6,0.67,0.54
0173_app-inventor,0,0,0,0
0174_rico,0.83,0.75,0.83,0.66
0176_rico,1,0.9,1,0.8
0177_rico,0.83,0.75,0.83,0.66
0179_rico,0.67,0.6,0.67,0.54
0181_rico,1,0.9,1,0.8
0182_rico,0.83,0.75,0.83,0.66
0184_rico,0.83,0.75,0.83,0.66
0185_app-inventor,0,0,0,0
0186_app-inventor,0,0,0,0
0187_rico,0.83,0.75,0.83,0.66
0188_rico,0.17,0.15,0.17,0.14
0189_app-inventor,0,0,0,0
0190_rico,0.83,0.75,0.83,0.66
0191_rico,0.17,0.15,0.17,0.14
0192_app-inventor,0,0,0,0
0193_app-inventor,0,0,0,0
0195_app-inventor_our-apps,0.83,0.75,0.83,0.66
0198_rico,1,0.9,1,0.8
0199_rico,1,0.9,1,0.8
0200_app-inventor,0,0,0,0
0201_rico,0.83,0.75,0.83,0.66
0202_rico,1,0.9,1,0.8
0203_app-inventor,0,0,0,0
0204_rico,1,0.9,1,0.8
0206_rico,1,0.9,1,0.8
0208_app-inventor,0,0,0,0
0210_rico,1,0.9,1,0.8
0211_rico,0.83,0.75,0.83,0.66
0212_rico,0.83,0.75,0.83,0.66
0215_rico,1,0.9,1,0.8
0216_rico,1,0.9,1,0.8
0217_rico,0.83,0.75,0.83,0.66
0219_rico,0.83,0.75,0.83,0.66
0221_rico,0.83,0.75,0.83,0.66
0222_rico,1,0.9,1,0.8
0223_rico,0.83,0.75,0.83,0.66
0224_rico,1,0.9,1,0.8
0225_rico,1,0.9,1,0.8
0226_rico,1,0.9,1,0.8
0227_app-inventor,0,0,0,0
0229_rico,0.33,0.3,0.33,0.26
0230_app-inventor,0,0,0,0
0231_rico,0.83,0.75,0.83,0.66
0232_rico,1,0.9,1,0.8
0233_rico,1,0.9,1,0.8
0234_app-inventor,0,0,0,0
0235_rico,0.83,0.75,0.83,0.66
0236_rico,0,0,0,0
0237_rico,1,0.9,1,0.8
0238_rico,1,0.9,1,0.8
0240_app-inventor,0,0,0,0
0242_app-inventor_our-apps,0.5,0.45,0.5,0.4
0244_rico,0.83,0.75,0.83,0.66
0245_app-inventor,0,0,0,0
0246_app-inventor,0,0,0,0
0247_rico,0.67,0.6,0.67,0.54
0248_app-inventor,0,0,0,0
0249_app-inventor,0,0,0,0
0250_app-inventor,0,0,0,0
0253_rico,1,0.9,1,0.8
0254_rico,1,0.9,1,0.8
0255_rico,0.67,0.6,0.67,0.54
0256_rico,0.67,0.6,0.67,0.54
0257_rico,0.83,0.75,0.83,0.66
0260_rico,0.17,0.15,0.17,0.14
0262_rico,0.33,0.3,0.33,0.26
0263_rico,1,0.9,1,0.8
0264_app-inventor,0,0,0,0
0265_rico,1,0.9,1,0.8
0266_rico,1,0.9,1,0.8
0268_rico,0.5,0.45,0.5,0.4
0269_rico,0,0,0,0
0270_rico,1,0.9,1,0.8
0271_rico,0.83,0.75,0.83,0.66
0272_rico,0.33,0.3,0.33,0.26
0273_rico,0.83,0.75,0.83,0.66
0274_rico,1,0.9,1,0.8
0275_app-inventor,0,0,0,0
0278_app-inventor,0,0,0,0
0279_rico,1,0.9,1,0.8
0280_app-inventor,0,0,0,0
0281_rico,0.83,0.75,0.83,0.66
0282_rico,1,0.9,1,0.8
0284_rico,1,0.9,1,0.8
0286_rico,0.67,0.6,0.67,0.54
0287_app-inventor,0,0,0,0
0288_rico,1,0.9,1,0.8
0291_rico,1,0.9,1,0.8
0292_rico,1,0.9,1,0.8
0296_rico,0.67,0.6,0.67,0.54
0297_rico,0.83,0.75,0.83,0.66
0298_rico,1,0.9,1,0.8
0299_rico,0,0,0,0
0306_rico,0.67,0.6,0.67,0.54
0307_app-inventor,0,0,0,0
0308_rico,0.83,0.75,0.83,0.66
0309_rico,0.83,0.75,0.83,0.66
0310_rico,1,0.9,1,0.8
0311_rico,0.17,0.15,0.17,0.14
0312_rico,0,0,0,0
0314_rico,0.67,0.6,0.67,0.54
0315_rico,0.83,0.75,0.83,0.66
0316_rico,0.83,0.75,0.83,0.66
0317_rico,0.33,0.3,0.33,0.26
0318_rico,0.5,0.45,0.5,0.4
0319_rico,1,0.9,1,0.8
0320_rico,0.83,0.75,0.83,0.66
0321_rico,0,0,0,0
0322_rico,1,0.9,1,0.8
0323_rico,1,0.9,1,0.8
0324_rico,0,0,0,0
0325_rico,0.83,0.75,0.83,0.66
0326_app-inventor,0,0,0,0
0327_rico,1,0.9,1,0.8
0328_rico,0.83,0.75,0.83,0.66
0330_app-inventor,0,0,0,0
0331_rico,1,0.9,1,0.8
0333_rico,0,0,0,0
0334_rico,1,0.9,1,0.8
0336_rico,0.83,0.75,0.83,0.66
0337_rico,0.83,0.75,0.83,0.66
0338_app-inventor,0,0,0,0
0339_rico,0.5,0.45,0.5,0.4
0340_app-inventor,0,0,0,0
0341_rico,0,0,0,0
0342_app-inventor,0,0,0,0
0344_rico,0.5,0.45,0.5,0.4
0345_rico,1,0.9,1,0.8
0348_rico,0.33,0.3,0.33,0.26
0350_rico,0.5,0.45,0.5,0.4
0351_rico,1,0.9,1,0.8
0354_rico,0.83,0.75,0.83,0.66
0355_rico,1,0.9,1,0.8
0357_app-inventor,0,0,0,0
0358_rico,0,0,0,0
0359_app-inventor,0.5,0.45,0.5,0.4
0360_app-inventor,0.33,0.3,0.33,0.26
0361_rico,1,0.9,1,0.8
0362_rico,1,0.9,1,0.8
0363_rico,0.33,0.3,0.33,0.26
0364_rico,0.83,0.75,0.83,0.66
0365_rico,1,0.9,1,0.8
0366_rico,0.5,0.45,0.5,0.4
0367_rico,1,0.9,1,0.8
0368_rico,1,0.9,1,0.8
0369_rico,0.33,0.3,0.33,0.26
0370_app-inventor,0,0,0,0
0371_rico,0.67,0.6,0.67,0.54
0372_rico,1,0.9,1,0.8
0373_rico,1,0.9,1,0.8
0376_rico,0.83,0.75,0.83,0.66
0377_rico,1,0.9,1,0.8
0379_rico,1,0.9,1,0.8
0380_rico,1,0.9,1,0.8
0381_rico,0.67,0.6,0.67,0.54
0382_rico,1,0.9,1,0.8
0385_rico,0.83,0.75,0.83,0.66
0386_app-inventor,0,0,0,0
0388_rico,1,0.9,1,0.8
0389_rico,0.83,0.75,0.83,0.66
0390_app-inventor,0.17,0.15,0.17,0.14
0392_app-inventor,0,0,0,0
0394_rico,0.83,0.75,0.83,0.66
0397_rico,0,0,0,0
0398_app-inventor,0,0,0,0
0400_rico,0.5,0.45,0.5,0.4
0402_rico,0.83,0.75,0.83,0.66
0404_rico,0.17,0.15,0.17,0.14
0407_rico,1,0.9,1,0.8
0408_rico,1,0.9,1,0.8
0409_rico,0,0,0,0
0410_rico,1,0.9,1,0.8
0412_app-inventor,0,0,0,0
0413_rico,1,0.9,1,0.8
0414_rico,0,0,0,0
0415_rico,0.5,0.45,0.5,0.4
0417_rico,0.67,0.6,0.67,0.54
0418_app-inventor,0,0,0,0
0419_rico,0.17,0.15,0.17,0.14
0421_rico,1,0.9,1,0.8
0422_rico,0,0,0,0
0423_rico,0.83,0.75,0.83,0.66
0424_rico,0.83,0.75,0.83,0.66
0429_rico,0.67,0.6,0.67,0.54
0430_rico,0.5,0.45,0.5,0.4
0431_rico,0.83,0.75,0.83,0.66
0432_rico,0.5,0.45,0.5,0.4
0433_rico,0.67,0.6,0.67,0.54
0434_rico,0.67,0.6,0.67,0.54
0435_rico,0.83,0.75,0.83,0.66
0436_rico,0.5,0.45,0.5,0.4
0437_rico,1,0.9,1,0.8
0438_rico,0.17,0.15,0.17,0.14
0439_app-inventor_our-apps,1,0.9,1,0.8
0440_rico,0.83,0.75,0.83,0.66
0441_rico,0.17,0.15,0.17,0.14
0443_rico,0.83,0.75,0.83,0.66
0444_rico,0.67,0.6,0.67,0.54
0445_app-inventor,0,0,0,0
0446_app-inventor,0.33,0.3,0.33,0.26
0448_rico,0.67,0.6,0.67,0.54
0449_rico,0.67,0.6,0.67,0.54
0450_rico,1,0.9,1,0.8
0451_rico,0.83,0.75,0.83,0.66
0452_rico,0.67,0.6,0.67,0.54
0454_rico,1,0.9,1,0.8
0455_rico,0.17,0.15,0.17,0.14
0456_rico,0.67,0.6,0.67,0.54
0457_rico,0,0,0,0
0458_rico,0.67,0.6,0.67,0.54
0459_rico,0,0,0,0
0460_rico,0.83,0.75,0.83,0.66
0461_app-inventor,0.33,0.3,0.33,0.26
0462_rico,0.83,0.75,0.83,0.66
0463_app-inventor,0,0,0,0
0464_rico,0.17,0.15,0.17,0.14
0465_rico,0.17,0.15,0.17,0.14
0468_rico,0.33,0.3,0.33,0.26
0470_rico,0.67,0.6,0.67,0.54
0471_rico,0.33,0.3,0.33,0.26
0473_rico,0.83,0.75,0.83,0.66
0474_rico,0.83,0.75,0.83,0.66
0475_app-inventor,0,0,0,0
0476_rico,1,0.9,1,0.8
0477_rico,0.83,0.75,0.83,0.66
0479_rico,1,0.9,1,0.8
0482_rico,1,0.9,1,0.8
0484_rico,0.17,0.15,0.17,0.14
0485_rico,0.67,0.6,0.67,0.54
0488_rico,1,0.9,1,0.8
0489_rico,0.5,0.45,0.5,0.4
0490_rico,0.83,0.75,0.83,0.66
0494_rico,0.5,0.45,0.5,0.4
0495_rico,0.83,0.75,0.83,0.66
0496_rico,0.5,0.45,0.5,0.4
0497_app-inventor,0,0,0,0
0498_rico,0.5,0.45,0.5,0.4
0500_app-inventor,0,0,0,0
0501_rico,0.5,0.45,0.5,0.4
0502_rico,1,0.9,1,0.8
0503_app-inventor,0,0,0,0
0505_rico,0.5,0.45,0.5,0.4
0506_rico,0.67,0.6,0.67,0.54
0507_rico,0,0,0,0
0508_rico,0,0,0,0
0509_rico,1,0.9,1,0.8
0510_rico,0.67,0.6,0.67,0.54
0511_rico,0,0,0,0
0513_rico,0.67,0.6,0.67,0.54
0514_rico,0.67,0.6,0.67,0.54
0515_rico,0.83,0.75,0.83,0.66
0516_rico,0.17,0.15,0.17,0.14
0518_app-inventor,0,0,0,0
0519_rico,1,0.9,1,0.8
0520_rico,1,0.9,1,0.8
0521_rico,0.83,0.75,0.83,0.66
0522_rico,0.83,0.75,0.83,0.66
0523_rico,0.33,0.3,0.33,0.26
0526_rico,0.67,0.6,0.67,0.54
0527_rico,0.67,0.6,0.67,0.54
0528_rico,0.67,0.6,0.67,0.54
0529_app-inventor,0,0,0,0
0533_rico,0.83,0.75,0.83,0.66
0535_rico,0.67,0.6,0.67,0.54
0536_rico,0.17,0.15,0.17,0.14
0537_rico,0.5,0.45,0.5,0.4
0538_rico,0.83,0.75,0.83,0.66
0539_rico,0,0,0,0
0540_app-inventor,0,0,0,0
0541_rico,0,0,0,0
0542_rico,0.67,0.6,0.67,0.54
0543_rico,1,0.9,1,0.8
0544_rico,0.5,0.45,0.5,0.4
0545_rico,0.5,0.45,0.5,0.4
0546_rico,0.67,0.6,0.67,0.54
0548_rico,0.83,0.75,0.83,0.66
0549_rico,0.83,0.75,0.83,0.66
0551_rico,1,0.9,1,0.8
0552_app-inventor,0,0,0,0
0553_rico,0,0,0,0
0554_rico,0.33,0.3,0.33,0.26
0555_rico,0.67,0.6,0.67,0.54
0556_app-inventor,0,0,0,0
0557_rico,0.67,0.6,0.67,0.54
0558_rico,0,0,0,0
0559_rico,0.67,0.6,0.67,0.54
0560_rico,0.5,0.45,0.5,0.4
0561_rico,0.83,0.75,0.83,0.66
0562_rico,0.33,0.3,0.33,0.26
0563_app-inventor,0,0,0,0
0564_rico,0.33,0.3,0.33,0.26
0565_rico,0.83,0.75,0.83,0.66
0566_rico,0.17,0.15,0.17,0.14
0567_rico,0.67,0.6,0.67,0.54
0568_rico,0.67,0.6,0.67,0.54
0569_rico,0.17,0.15,0.17,0.14
0570_rico,0.5,0.45,0.5,0.4
0571_rico,1,0.9,1,0.8
0572_rico,1,0.9,1,0.8
0573_rico,1,0.9,1,0.8
0575_rico,0.83,0.75,0.83,0.66
0579_rico,0.5,0.45,0.5,0.4
0581_rico,0,0,0,0
0582_rico,0.33,0.3,0.33,0.26
0585_app-inventor,0,0,0,0
0588_rico,0.67,0.6,0.67,0.54
0589_rico,0,0,0,0
0590_rico,0.83,0.75,0.83,0.66
0595_rico,1,0.9,1,0.8
0597_rico,0.33,0.3,0.33,0.26
0598_rico,1,0.9,1,0.8
0599_rico,0.67,0.6,0.67,0.54
0601_rico,1,0.9,1,0.8
0602_rico,0.83,0.75,0.83,0.66
0603_rico,0.67,0.6,0.67,0.54
0605_rico,0.17,0.15,0.17,0.14
0606_rico,0.33,0.3,0.33,0.26
0609_rico,0.83,0.75,0.83,0.66
0610_rico,1,0.9,1,0.8
0611_rico,0.83,0.75,0.83,0.66
0612_app-inventor,0,0,0,0
0613_app-inventor,0,0,0,0
0614_rico,1,0.9,1,0.8
0616_rico,0.67,0.6,0.67,0.54
0617_rico,1,0.9,1,0.8
0619_rico,0.17,0.15,0.17,0.14
0620_rico,0.67,0.6,0.67,0.54
0621_rico,0.83,0.75,0.83,0.66
0622_rico,0.83,0.75,0.83,0.66
0623_rico,0.83,0.75,0.83,0.66
0624_rico,1,0.9,1,0.8
0625_rico,0.33,0.3,0.33,0.26
0626_rico,0,0,0,0
0627_rico,1,0.9,1,0.8
0628_rico,0.83,0.75,0.83,0.66
0629_app-inventor,0,0,0,0
0630_rico,1,0.9,1,0.8
0631_rico,1,0.9,1,0.8
0632_rico,0.5,0.45,0.5,0.4
0633_rico,0.83,0.75,0.83,0.66
0634_rico,1,0.9,1,0.8
0635_rico,0.67,0.6,0.67,0.54
0636_rico,0.83,0.75,0.83,0.66
0637_rico,0,0,0,0
0638_rico,0,0,0,0
0639_rico,0.83,0.75,0.83,0.66
0641_app-inventor,0,0,0,0
0642_rico,0.17,0.15,0.17,0.14
0645_rico,1,0.9,1,0.8
0646_app-inventor,0,0,0,0
0648_rico,1,0.9,1,0.8
0650_rico,0.83,0.75,0.83,0.66
0651_app-inventor,0.33,0.3,0.33,0.26
0652_rico,0.33,0.3,0.33,0.26
0653_rico,1,0.9,1,0.8
0655_rico,0.17,0.15,0.17,0.14
0656_app-inventor,0,0,0,0
0657_rico,0.33,0.3,0.33,0.26
0659_rico,0.83,0.75,0.83,0.66
0660_rico,0.67,0.6,0.67,0.54
0662_rico,0.5,0.45,0.5,0.4
0663_rico,0.17,0.15,0.17,0.14
0664_rico,0.17,0.15,0.17,0.14
0665_rico,0.83,0.75,0.83,0.66
0667_rico,0,0,0,0
0668_rico,1,0.9,1,0.8
0670_rico,0,0,0,0
0671_rico,1,0.9,1,0.8
0673_rico,0.5,0.45,0.5,0.4
0676_rico,0,0,0,0
0677_rico,0.5,0.45,0.5,0.4
0678_rico,0.67,0.6,0.67,0.54
0680_rico,0.17,0.15,0.17,0.14
0681_rico,0.5,0.45,0.5,0.4
0683_rico,0.83,0.75,0.83,0.66
0684_rico,0.83,0.75,0.83,0.66
0685_rico,1,0.9,1,0.8
0687_rico,0,0,0,0
0688_rico,0,0,0,0
0689_rico,1,0.9,1,0.8
0691_rico,0.33,0.3,0.33,0.26
0692_rico,0.17,0.15,0.17,0.14
0693_rico,0,0,0,0
0694_rico,1,0.9,1,0.8
0697_rico,0,0,0,0
0698_app-inventor,0,0,0,0
0699_rico,0.83,0.75,0.83,0.66
0700_rico,0.67,0.6,0.67,0.54
0701_rico,0.83,0.75,0.83,0.66
0702_rico,0.67,0.6,0.67,0.54
0703_rico,0,0,0,0
0704_rico,1,0.9,1,0.8
0705_app-inventor,0,0,0,0
0709_rico,0,0,0,0
0711_rico,0.67,0.6,0.67,0.54
0712_rico,0.5,0.45,0.5,0.4
0713_rico,0,0,0,0
0714_rico,0.33,0.3,0.33,0.26
0717_app-inventor,0,0,0,0
0718_rico,0,0,0,0
0719_app-inventor,0,0,0,0
0721_rico,0,0,0,0
0722_rico,0.17,0.15,0.17,0.14
0723_rico,0.83,0.75,0.83,0.66
0724_rico,1,0.9,1,0.8
0725_rico,0,0,0,0
0727_rico,0.67,0.6,0.67,0.54
0729_rico,0.5,0.45,0.5,0.4
0730_app-inventor,0.17,0.15,0.17,0.14
0732_rico,0,0,0,0
0733_rico,0.17,0.15,0.17,0.14
0734_rico,0.83,0.75,0.83,0.66
0735_rico,0.67,0.6,0.67,0.54
0736_app-inventor,0,0,0,0
0737_rico,0.33,0.3,0.33,0.26
0739_app-inventor,0,0,0,0
0740_rico,0.17,0.15,0.17,0.14
0741_rico,0,0,0,0
0744_rico,0.67,0.6,0.67,0.54
0745_rico,0.67,0.6,0.67,0.54
0748_rico,0.67,0.6,0.67,0.54
0753_rico,0.17,0.15,0.17,0.14
0754_rico,0.83,0.75,0.83,0.66
0755_rico,0.5,0.45,0.5,0.4
0756_rico,0.17,0.15,0.17,0.14
0757_rico,1,0.9,1,0.8
0758_rico,0.17,0.15,0.17,0.14
0759_rico,0.83,0.75,0.83,0.66
0761_app-inventor,0,0,0,0
0762_rico,1,0.9,1,0.8
0766_rico,0.33,0.3,0.33,0.26
0767_app-inventor,0,0,0,0
0768_rico,0.67,0.6,0.67,0.54
0770_rico,0.5,0.45,0.5,0.4
0771_rico,0.67,0.6,0.67,0.54
0773_rico,0,0,0,0
0774_rico,0.83,0.75,0.83,0.66
0775_rico,0.83,0.75,0.83,0.66
0776_rico,0.33,0.3,0.33,0.26
0777_rico,0.33,0.3,0.33,0.26
0779_rico,0.5,0.45,0.5,0.4
0780_rico,0.5,0.45,0.5,0.4
0782_rico,0.67,0.6,0.67,0.54
0783_rico,0.5,0.45,0.5,0.4
0784_rico,0.33,0.3,0.33,0.26
0786_app-inventor,0,0,0,0
0791_rico,0.5,0.45,0.5,0.4
0792_rico,0.33,0.3,0.33,0.26
0793_rico,1,0.9,1,0.8
0796_rico,0.17,0.15,0.17,0.14
0797_rico,0.5,0.45,0.5,0.4
0798_rico,1,0.9,1,0.8
0799_app-inventor,0,0,0,0
0800_rico,0.83,0.75,0.83,0.66
0801_rico,0.67,0.6,0.67,0.54
0803_rico,0.67,0.6,0.67,0.54
0804_rico,0.5,0.45,0.5,0.4
0805_rico,0.33,0.3,0.33,0.26
0806_rico,0.33,0.3,0.33,0.26
0807_rico,0.5,0.45,0.5,0.4
0808_rico,1,0.9,1,0.8
0809_rico,0.33,0.3,0.33,0.26
0810_rico,0.33,0.3,0.33,0.26
0812_app-inventor,0.67,0.6,0.67,0.54
0813_rico,0.5,0.45,0.5,0.4
0814_rico,0.17,0.15,0.17,0.14
0817_rico,0.5,0.45,0.5,0.4
0820_rico,0,0,0,0
0821_rico,0.83,0.75,0.83,0.66
0822_rico,0.83,0.75,0.83,0.66
0823_rico,0.33,0.3,0.33,0.26
0824_rico,0.17,0.15,0.17,0.14
0826_rico,0.17,0.15,0.17,0.14
0827_rico,0.5,0.45,0.5,0.4
0828_app-inventor,0.67,0.6,0.67,0.54
0830_app-inventor,0.5,0.45,0.5,0.4
0831_rico,0.5,0.45,0.5,0.4
0832_rico,0.83,0.75,0.83,0.66
0833_rico,0.17,0.15,0.17,0.14
0834_rico,0.33,0.3,0.33,0.26
0835_rico,0.83,0.75,0.83,0.66
0836_rico,1,0.9,1,0.8
0838_app-inventor,0,0,0,0
0839_rico,0.5,0.45,0.5,0.4
0840_rico,0.67,0.6,0.67,0.54
0841_rico,1,0.9,1,0.8
0842_rico,0.5,0.45,0.5,0.4
0843_rico,0,0,0,0
0844_rico,1,0.9,1,0.8
0845_rico,0.17,0.15,0.17,0.14
0847_rico,0.33,0.3,0.33,0.26
0849_rico,0.33,0.3,0.33,0.26
0851_rico,1,0.9,1,0.8
0854_app-inventor,0,0,0,0
0859_rico,0.67,0.6,0.67,0.54
0860_rico,0.83,0.75,0.83,0.66
0861_rico,0.67,0.6,0.67,0.54
0862_rico,0.67,0.6,0.67,0.54
0864_rico,0.33,0.3,0.33,0.26
0865_app-inventor,0,0,0,0
0866_rico,0.83,0.75,0.83,0.66
0867_rico,0,0,0,0
0868_rico,0.67,0.6,0.67,0.54
0870_rico,0.33,0.3,0.33,0.26
0871_app-inventor,0,0,0,0
0872_rico,0,0,0,0
0873_rico,0.33,0.3,0.33,0.26
0874_rico,0.17,0.15,0.17,0.14
0875_app-inventor,0,0,0,0
0878_rico,0.33,0.3,0.33,0.26
0880_rico,0.83,0.75,0.83,0.66
0883_rico,0.33,0.3,0.33,0.26
0886_rico,0.17,0.15,0.17,0.14
0888_app-inventor,0,0,0,0
0889_app-inventor,0,0,0,0
0890_rico,0.83,0.75,0.83,0.66
0891_app-inventor,0,0,0,0
0895_rico,0.5,0.45,0.5,0.4
0896_rico,0.83,0.75,0.83,0.66
0900_rico,0.67,0.6,0.67,0.54
0901_rico,0.67,0.6,0.67,0.54
0902_app-inventor,0,0,0,0
0904_app-inventor,0,0,0,0
0905_rico,0.33,0.3,0.33,0.26
0906_rico,1,0.9,1,0.8
0907_rico,0.17,0.15,0.17,0.14
0908_app-inventor,0,0,0,0
0909_app-inventor,0,0,0,0
0911_app-inventor,0,0,0,0
0913_rico,1,0.9,1,0.8
0914_rico,0.33,0.3,0.33,0.26
0916_rico,0.33,0.3,0.33,0.26
0917_rico,0,0,0,0
0918_rico,0.17,0.15,0.17,0.14
0921_rico,1,0.9,1,0.8
0922_rico,0.83,0.75,0.83,0.66
0924_rico,1,0.9,1,0.8
0925_app-inventor,0,0,0,0
0927_rico,1,0.9,1,0.8
0928_rico,1,0.9,1,0.8
0929_app-inventor,0,0,0,0
0931_rico,0.83,0.75,0.83,0.66
0932_app-inventor,0,0,0,0
0933_app-inventor,0.33,0.3,0.33,0.26
0937_app-inventor,0,0,0,0
0939_rico,1,0.9,1,0.8
0940_rico,1,0.9,1,0.8
0941_rico,0.83,0.75,0.83,0.66
0943_rico,0.83,0.75,0.83,0.66
0944_rico,1,0.9,1,0.8
0945_rico,0.5,0.45,0.5,0.4
0946_rico,0.33,0.3,0.33,0.26
0951_rico,0,0,0,0
0953_rico,0.83,0.75,0.83,0.66
0954_rico,0.33,0.3,0.33,0.26
0956_rico,0.17,0.15,0.17,0.14
0957_app-inventor,0.33,0.3,0.33,0.26
0958_rico,0.83,0.75,0.83,0.66
0959_rico,0,0,0,0
0961_rico,0.67,0.6,0.67,0.54
0962_app-inventor,0,0,0,0
0964_app-inventor,0,0,0,0
0965_rico,0.33,0.3,0.33,0.26
0966_rico,0.67,0.6,0.67,0.54
0967_rico,0,0,0,0
0968_rico,0.67,0.6,0.67,0.54
0969_rico,0.83,0.75,0.83,0.66
0970_rico,0.33,0.3,0.33,0.26
0971_rico,0.83,0.75,0.83,0.66
0974_rico,0,0,0,0
0976_rico,0,0,0,0
0977_rico,0.67,0.6,0.67,0.54
0978_rico,0.33,0.3,0.33,0.26
0979_app-inventor,0,0,0,0
0980_rico,0.67,0.6,0.67,0.54
0981_app-inventor,0,0,0,0
0983_app-inventor,0,0,0,0
0984_rico,0.33,0.3,0.33,0.26
0985_app-inventor,0,0,0,0
0988_rico,1,0.9,1,0.8
0990_rico,0.17,0.15,0.17,0.14
0991_rico,0.33,0.3,0.33,0.26
0992_rico,0,0,0,0
0994_rico,0.83,0.75,0.83,0.66
0995_rico,0,0,0,0
0996_rico,0.33,0.3,0.33,0.26
0997_rico,1,0.9,1,0.8
0998_app-inventor,0,0,0,0
1001_rico,0,0,0,0
1002_rico,0.5,0.45,0.5,0.4
1003_rico,0.17,0.15,0.17,0.14
1004_rico,0.67,0.6,0.67,0.54
1006_rico,1,0.9,1,0.8
1007_rico,0.17,0.15,0.17,0.14
1012_rico,0.83,0.75,0.83,0.66
1013_rico,0.67,0.6,0.67,0.54
1017_rico,0.5,0.45,0.5,0.4
1020_rico,1,0.9,1,0.8
1021_rico,1,0.9,1,0.8
1023_app-inventor,0.5,0.45,0.5,0.4
1025_app-inventor,0,0,0,0
1027_rico,1,0.9,1,0.8
1031_rico,1,0.9,1,0.8
1033_rico,1,0.9,1,0.8
1035_rico,0,0,0,0
1036_rico,0.17,0.15,0.17,0.14
1037_rico,1,0.9,1,0.8
1038_rico,0.83,0.75,0.83,0.66
1039_app-inventor,0.17,0.15,0.17,0.14
1041_rico,0,0,0,0
1042_rico,1,0.9,1,0.8
1044_rico,0.5,0.45,0.5,0.4
1045_rico,0.5,0.45,0.5,0.4
1047_rico,0.17,0.15,0.17,0.14
1048_rico,0.67,0.6,0.67,0.54
1050_app-inventor,0,0,0,0
1052_rico,0.33,0.3,0.33,0.26
1056_app-inventor,0,0,0,0
1057_rico,1,0.9,1,0.8
1058_rico,0,0,0,0
1059_app-inventor,0,0,0,0
1060_rico,0.83,0.75,0.83,0.66
1061_rico,1,0.9,1,0.8
1062_rico,1,0.9,1,0.8
1063_rico,1,0.9,1,0.8
1064_rico,0.33,0.3,0.33,0.26
1066_rico,0.5,0.45,0.5,0.4
1067_rico,0.5,0.45,0.5,0.4
1069_rico,0.67,0.6,0.67,0.54
1070_rico,1,0.9,1,0.8
1071_app-inventor,0,0,0,0
1072_rico,1,0.9,1,0.8
1073_rico,0.67,0.6,0.67,0.54
1074_rico,1,0.9,1,0.8
1076_app-inventor,0,0,0,0
1078_rico,0.83,0.75,0.83,0.66
1079_app-inventor,0,0,0,0
1082_rico,1,0.9,1,0.8
1083_app-inventor,0,0,0,0
1085_rico,0.83,0.75,0.83,0.66
1086_rico,0.33,0.3,0.33,0.26
1087_rico,1,0.9,1,0.8
1090_rico,1,0.9,1,0.8
1091_rico,0.5,0.45,0.5,0.4
1093_rico,0.83,0.75,0.83,0.66
1094_rico,1,0.9,1,0.8
1096_app-inventor,0,0,0,0
1098_app-inventor,0,0,0,0
1099_rico,0.83,0.75,0.83,0.66
1100_rico,0.83,0.75,0.83,0.66
1101_rico,1,0.9,1,0.8
1102_rico,0.83,0.75,0.83,0.66
1103_rico,0.17,0.15,0.17,0.14
1106_rico,0.67,0.6,0.67,0.54
1108_rico,1,0.9,1,0.8
1109_rico,0.5,0.45,0.5,0.4
1112_rico,0,0,0,0
1113_app-inventor,0,0,0,0
1114_rico,0.33,0.3,0.33,0.26
1115_rico,0.83,0.75,0.83,0.66
1116_rico,1,0.9,1,0.8
1118_rico,1,0.9,1,0.8
1119_app-inventor,0,0,0,0
1120_rico,0,0,0,0
1121_rico,0.5,0.45,0.5,0.4
1123_rico,0.67,0.6,0.67,0.54
1124_rico,0,0,0,0
1126_rico,1,0.9,1,0.8
1127_rico,0.67,0.6,0.67,0.54
1129_rico,1,0.9,1,0.8
1130_rico,0.83,0.75,0.83,0.66
1132_rico,0,0,0,0
1135_rico,0.83,0.75,0.83,0.66
1136_rico,0.83,0.75,0.83,0.66
1137_rico,0.67,0.6,0.67,0.54
1140_app-inventor,0,0,0,0
1141_rico,1,0.9,1,0.8
1142_rico,0.67,0.6,0.67,0.54
1149_app-inventor,0,0,0,0
1151_rico,0.67,0.6,0.67,0.54
1152_rico,0,0,0,0
1154_app-inventor,0.33,0.3,0.33,0.26
1155_rico,0.83,0.75,0.83,0.66
1157_rico,0.83,0.75,0.83,0.66
1159_rico,0.83,0.75,0.83,0.66
1161_app-inventor,0.17,0.15,0.17,0.14
1162_rico,0.5,0.45,0.5,0.4
1164_rico,1,0.9,1,0.8
1165_rico,1,0.9,1,0.8
1166_rico,0.33,0.3,0.33,0.26
1167_app-inventor,0,0,0,0
1168_rico,0.5,0.45,0.5,0.4
1169_app-inventor,0,0,0,0
1172_app-inventor,0,0,0,0
1173_rico,0,0,0,0
1175_rico,0.33,0.3,0.33,0.26
1176_rico,0.67,0.6,0.67,0.54
1177_app-inventor,0.17,0.15,0.17,0.14
1178_rico,1,0.9,1,0.8
1180_rico,0.83,0.75,0.83,0.66
1181_rico,0.33,0.3,0.33,0.26
1182_rico,1,0.9,1,0.8
1183_rico,0.5,0.45,0.5,0.4
1185_rico,1,0.9,1,0.8
1189_rico,0.83,0.75,0.83,0.66
1190_rico,0,0,0,0
1191_app-inventor,0,0,0,0
1192_rico,0.33,0.3,0.33,0.26
1193_rico,1,0.9,1,0.8
1194_rico,0.83,0.75,0.83,0.66
1195_app-inventor,0,0,0,0
1197_rico,0.33,0.3,0.33,0.26
1198_rico,0.83,0.75,0.83,0.66
1199_app-inventor,0.17,0.15,0.17,0.14
1201_app-inventor,0.67,0.6,0.67,0.54
1203_rico,0.33,0.3,0.33,0.26
1204_app-inventor,0,0,0,0
1205_app-inventor,0,0,0,0
1206_rico,0.67,0.6,0.67,0.54
1208_rico,0.33,0.3,0.33,0.26
1210_rico,0.5,0.45,0.5,0.4
1213_rico,1,0.9,1,0.8
1214_rico,0.67,0.6,0.67,0.54
1215_rico,0.5,0.45,0.5,0.4
1216_rico,1,0.9,1,0.8
1217_app-inventor,0.5,0.45,0.5,0.4
1220_rico,0,0,0,0
1221_rico,0.83,0.75,0.83,0.66
1222_rico,1,0.9,1,0.8
1223_rico,1,0.9,1,0.8
1224_rico,0.67,0.6,0.67,0.54
1225_rico,1,0.9,1,0.8
1226_rico,1,0.9,1,0.8
1227_rico,1,0.9,1,0.8
1229_app-inventor,0,0,0,0
1230_rico,0.83,0.75,0.83,0.66
1233_rico,0,0,0,0
1236_rico,0.5,0.45,0.5,0.4
1238_rico,0.67,0.6,0.67,0.54
1240_rico,0.67,0.6,0.67,0.54
1242_rico,0,0,0,0
1247_app-inventor,0.33,0.3,0.33,0.26
1248_rico,0.67,0.6,0.67,0.54
1250_rico,0.5,0.45,0.5,0.4
1251_rico,1,0.9,1,0.8
1253_rico,1,0.9,1,0.8
1254_rico,0.83,0.75,0.83,0.66
1255_rico,1,0.9,1,0.8
1256_app-inventor,0,0,0,0
1257_rico,0.83,0.75,0.83,0.66
1258_rico,0.5,0.45,0.5,0.4
1260_rico,0.83,0.75,0.83,0.66
1262_rico,0.67,0.6,0.67,0.54
1263_app-inventor,0,0,0,0
1265_rico,0.67,0.6,0.67,0.54
1266_rico,0,0,0,0
1268_rico,0.83,0.75,0.83,0.66
1273_rico,1,0.9,1,0.8
1274_rico,0,0,0,0
1276_rico,1,0.9,1,0.8
1280_rico,1,0.9,1,0.8
1281_app-inventor,0.5,0.45,0.5,0.4
1282_rico,0.67,0.6,0.67,0.54
1284_rico,0.83,0.75,0.83,0.66
1285_rico,0,0,0,0
1287_app-inventor,0,0,0,0
1288_app-inventor,0.17,0.15,0.17,0.14
1289_rico,0.5,0.45,0.5,0.4
1290_rico,0.5,0.45,0.5,0.4
1291_rico,0.67,0.6,0.67,0.54
1292_rico,0.5,0.45,0.5,0.4
1293_rico,0.17,0.15,0.17,0.14
1295_rico,1,0.9,1,0.8
1296_rico,1,0.9,1,0.8
1298_rico,1,0.9,1,0.8
1301_rico,0.67,0.6,0.67,0.54
1304_app-inventor,0.17,0.15,0.17,0.14
1305_app-inventor,0.5,0.45,0.5,0.4
1306_rico,0.5,0.45,0.5,0.4
1307_app-inventor,0.17,0.15,0.17,0.14
1310_rico,1,0.9,1,0.8
1312_rico,1,0.9,1,0.8
1313_rico,0.17,0.15,0.17,0.14
1315_rico,1,0.9,1,0.8
1316_rico,0.17,0.15,0.17,0.14
1318_app-inventor,0.17,0.15,0.17,0.14
1319_rico,0.17,0.15,0.17,0.14
1320_app-inventor,0,0,0,0
1321_rico,0.83,0.75,0.83,0.66
1322_app-inventor,0,0,0,0
1324_rico,0.17,0.15,0.17,0.14
1325_app-inventor,0,0,0,0
1326_rico,0.67,0.6,0.67,0.54
1327_rico,0.17,0.15,0.17,0.14
1328_app-inventor,0,0,0,0
1330_app-inventor,0,0,0,0
1331_rico,0.5,0.45,0.5,0.4
1332_rico,0.17,0.15,0.17,0.14
1333_rico,1,0.9,1,0.8
1334_app-inventor,0,0,0,0
1335_rico,1,0.9,1,0.8
1337_rico,1,0.9,1,0.8
1338_app-inventor,0,0,0,0
1339_rico,0.5,0.45,0.5,0.4
1341_app-inventor,0,0,0,0
1342_rico,0.67,0.6,0.67,0.54
1343_rico,1,0.9,1,0.8
1344_rico,0.17,0.15,0.17,0.14
1345_rico,0.33,0.3,0.33,0.26
1347_rico,0.17,0.15,0.17,0.14
1349_rico,1,0.9,1,0.8
1351_rico,1,0.9,1,0.8
1354_rico,0.67,0.6,0.67,0.54
1355_rico,0.67,0.6,0.67,0.54
1356_rico,0.83,0.75,0.83,0.66
1357_app-inventor,0.67,0.6,0.67,0.54
1359_rico,1,0.9,1,0.8
1361_rico,0.33,0.3,0.33,0.26
1364_rico,0,0,0,0
1365_rico,0.17,0.15,0.17,0.14
1368_rico,0.83,0.75,0.83,0.66
1371_rico,0.83,0.75,0.83,0.66
1372_rico,0.5,0.45,0.5,0.4
1374_rico,0.67,0.6,0.67,0.54
1375_rico,0.67,0.6,0.67,0.54
1376_rico,0,0,0,0
1378_rico,0.83,0.75,0.83,0.66
1379_rico,0.83,0.75,0.83,0.66
1380_app-inventor,0,0,0,0
1381_rico,1,0.9,1,0.8
1382_rico,0.83,0.75,0.83,0.66
1386_app-inventor,0,0,0,0
1389_rico,1,0.9,1,0.8
1391_rico,0.5,0.45,0.5,0.4
1392_rico,0.33,0.3,0.33,0.26
1395_rico,0.17,0.15,0.17,0.14
1396_rico,0.17,0.15,0.17,0.14
1397_rico,0.5,0.45,0.5,0.4
1399_rico,0.67,0.6,0.67,0.54
1401_app-inventor,0,0,0,0
1402_rico,0.83,0.75,0.83,0.66
1404_app-inventor,0,0,0,0
1406_app-inventor,0.33,0.3,0.33,0.26
1407_rico,0.33,0.3,0.33,0.26
1408_rico,0.33,0.3,0.33,0.26
1410_rico,0.67,0.6,0.67,0.54
1413_app-inventor,0,0,0,0
1415_rico,0,0,0,0
1417_rico,1,0.9,1,0.8
1419_app-inventor,0.33,0.3,0.33,0.26
1421_rico,1,0.9,1,0.8
1424_rico,0.67,0.6,0.67,0.54
1425_app-inventor,0,0,0,0
1426_rico,1,0.9,1,0.8
1428_rico,0,0,0,0
1429_rico,0.5,0.45,0.5,0.4
1430_app-inventor,0,0,0,0
1431_rico,1,0.9,1,0.8
1432_app-inventor,0,0,0,0
1433_app-inventor,0.33,0.3,0.33,0.26
1434_rico,1,0.9,1,0.8
1435_app-inventor,0,0,0,0
1439_rico,0.17,0.15,0.17,0.14
1440_rico,0,0,0,0
1441_rico,0.5,0.45,0.5,0.4
1443_rico,0.83,0.75,0.83,0.66
1446_rico,1,0.9,1,0.8
1448_rico,0.17,0.15,0.17,0.14
1449_rico,0.83,0.75,0.83,0.66
1450_rico,1,0.9,1,0.8
1451_app-inventor,0,0,0,0
1453_rico,1,0.9,1,0.8
1455_rico,0.5,0.45,0.5,0.4
1456_app-inventor,0,0,0,0
1457_rico,0.33,0.3,0.33,0.26
1458_rico,0.67,0.6,0.67,0.54
1460_rico,0.67,0.6,0.67,0.54
1461_rico,0.5,0.45,0.5,0.4
1471_rico,0.33,0.3,0.33,0.26
1473_rico,0,0,0,0
1474_rico,0.33,0.3,0.33,0.26
1475_rico,0.67,0.6,0.67,0.54
1476_rico,0.83,0.75,0.83,0.66
1477_rico,0.5,0.45,0.5,0.4
1478_rico,0.67,0.6,0.67,0.54
1482_rico,0.5,0.45,0.5,0.4
1483_rico,1,0.9,1,0.8
1484_rico,0.67,0.6,0.67,0.54
1485_rico,0.67,0.6,0.67,0.54
1487_rico,0.33,0.3,0.33,0.26
1491_rico,0.5,0.45,0.5,0.4
1493_app-inventor,0.17,0.15,0.17,0.14
1494_rico,0,0,0,0
1495_rico,0.83,0.75,0.83,0.66
1496_rico,0.5,0.45,0.5,0.4
1497_rico,0.5,0.45,0.5,0.4
1498_rico,0.33,0.3,0.33,0.26
1499_rico,0.83,0.75,0.83,0.66
1500_rico,0,0,0,0
1501_rico,1,0.9,1,0.8
1502_rico,0.67,0.6,0.67,0.54
1504_rico,0.67,0.6,0.67,0.54
1505_rico,0,0,0,0
1506_rico,1,0.9,1,0.8
1507_rico,0.83,0.75,0.83,0.66
1508_rico,0.83,0.75,0.83,0.66
1510_rico,0.67,0.6,0.67,0.54
1511_rico,1,0.9,1,0.8
1513_rico,0.83,0.75,0.83,0.66
1514_rico,0.33,0.3,0.33,0.26
1515_rico,0.83,0.75,0.83,0.66
1516_rico,0.33,0.3,0.33,0.26
1519_rico,0.17,0.15,0.17,0.14
1520_rico,1,0.9,1,0.8
1521_rico,0.83,0.75,0.83,0.66
1522_rico,0.5,0.45,0.5,0.4
1523_rico,0.33,0.3,0.33,0.26
1524_rico,0.67,0.6,0.67,0.54
1525_rico,1,0.9,1,0.8
1526_rico,1,0.9,1,0.8
1527_rico,0.5,0.45,0.5,0.4
1529_rico,0.33,0.3,0.33,0.26
1531_rico,0.67,0.6,0.67,0.54
1532_rico,0.83,0.75,0.83,0.66
1536_rico,0.67,0.6,0.67,0.54
1538_rico,0.67,0.6,0.67,0.54
1539_rico,0.17,0.15,0.17,0.14
1540_rico,0.67,0.6,0.67,0.54
1541_rico,1,0.9,1,0.8
1544_rico,0,0,0,0
1545_rico,0.83,0.75,0.83,0.66
1547_rico,1,0.9,1,0.8
1548_rico,0,0,0,0
1551_rico,0.17,0.15,0.17,0.14
1552_rico,0.67,0.6,0.67,0.54
1554_rico,1,0.9,1,0.8
1555_rico,1,0.9,1,0.8
1557_rico,0.83,0.75,0.83,0.66
1559_rico,0.83,0.75,0.83,0.66
1561_rico,1,0.9,1,0.8
1562_rico,0,0,0,0
1563_rico,0.83,0.75,0.83,0.66
1565_rico,0.83,0.75,0.83,0.66
1566_rico,1,0.9,1,0.8
1567_rico,0,0,0,0
1568_rico,0.17,0.15,0.17,0.14
1569_rico,0,0,0,0
1570_rico,0.33,0.3,0.33,0.26
1572_rico,0.17,0.15,0.17,0.14
1573_rico,0.67,0.6,0.67,0.54
1574_rico,0.67,0.6,0.67,0.54
1575_rico,0.67,0.6,0.67,0.54
1576_rico,0.67,0.6,0.67,0.54
1577_rico,0.83,0.75,0.83,0.66
1578_rico,0.17,0.15,0.17,0.14
1579_rico,0.33,0.3,0.33,0.26
1581_rico,1,0.9,1,0.8
1582_rico,0,0,0,0
1583_rico,1,0.9,1,0.8
1586_rico,1,0.9,1,0.8
1587_rico,1,0.9,1,0.8
1588_rico,0.83,0.75,0.83,0.66
1590_rico,0.83,0.75,0.83,0.66
1593_rico,0.17,0.15,0.17,0.14
1594_rico,0.67,0.6,0.67,0.54
1596_rico,0.83,0.75,0.83,0.66
1599_rico,1,0.9,1,0.8
1600_rico,0.83,0.75,0.83,0.66
1601_rico,0.33,0.3,0.33,0.26
1603_rico,0.67,0.6,0.67,0.54
1604_rico,0.17,0.15,0.17,0.14
1605_rico,0.17,0.15,0.17,0.14
1608_rico,0.17,0.15,0.17,0.14
1610_rico,0,0,0,0
1611_rico,1,0.9,1,0.8
1612_rico,0.17,0.15,0.17,0.14
1613_rico,1,0.9,1,0.8
1614_rico,0.67,0.6,0.67,0.54
1615_rico,0.83,0.75,0.83,0.66
1616_rico,0.33,0.3,0.33,0.26
1617_rico,0.17,0.15,0.17,0.14
1618_rico,1,0.9,1,0.8
1620_rico,0.67,0.6,0.67,0.54
1622_rico,1,0.9,1,0.8
1624_rico,0.83,0.75,0.83,0.66
1625_rico,1,0.9,1,0.8
1627_rico,0.83,0.75,0.83,0.66
1628_rico,0.83,0.75,0.83,0.66
1629_rico,0.33,0.3,0.33,0.26
1630_rico,0,0,0,0
1631_rico,0.83,0.75,0.83,0.66
1632_rico,1,0.9,1,0.8
1633_rico,0.33,0.3,0.33,0.26
1634_rico,0.67,0.6,0.67,0.54
1636_rico,0.33,0.3,0.33,0.26
1637_rico,0.83,0.75,0.83,0.66
1638_rico,1,0.9,1,0.8
1639_rico,0.83,0.75,0.83,0.66
1641_rico,0.83,0.75,0.83,0.66
1642_rico,0.17,0.15,0.17,0.14
1643_rico,0.67,0.6,0.67,0.54
1646_rico,0.83,0.75,0.83,0.66
1647_rico,0.33,0.3,0.33,0.26
1648_rico,0.33,0.3,0.33,0.26
1649_rico,0.83,0.75,0.83,0.66
1650_rico,0.83,0.75,0.83,0.66
1651_rico,0.5,0.45,0.5,0.4
1653_rico,1,0.9,1,0.8
1654_rico,0.83,0.75,0.83,0.66
1655_rico,0.17,0.15,0.17,0.14
1656_rico,0.83,0.75,0.83,0.66
1657_rico,0.5,0.45,0.5,0.4
1659_rico,1,0.9,1,0.8
1660_rico,0.67,0.6,0.67,0.54
1661_rico,0.67,0.6,0.67,0.54
1662_rico,0.17,0.15,0.17,0.14
1663_rico,0.83,0.75,0.83,0.66
1665_rico,0.17,0.15,0.17,0.14
1667_rico,0.33,0.3,0.33,0.26
1669_rico,0.83,0.75,0.83,0.66
1671_rico,0.17,0.15,0.17,0.14
1672_rico,0.67,0.6,0.67,0.54
1675_rico,0.33,0.3,0.33,0.26
1676_rico,0.5,0.45,0.5,0.4
1679_rico,0.67,0.6,0.67,0.54
1680_rico,0.83,0.75,0.83,0.66
1681_rico,0.67,0.6,0.67,0.54
1682_rico,0,0,0,0
1684_rico,0.83,0.75,0.83,0.66
1685_rico,0.5,0.45,0.5,0.4
1686_rico,0.67,0.6,0.67,0.54
1687_rico,0.33,0.3,0.33,0.26
1691_rico,0.33,0.3,0.33,0.26
1692_rico,0.33,0.3,0.33,0.26
1694_rico,0.5,0.45,0.5,0.4
1695_rico,0.67,0.6,0.67,0.54
1696_rico,1,0.9,1,0.8
1697_rico,0.67,0.6,0.67,0.54
1698_rico,0.33,0.3,0.33,0.26
1699_rico,1,0.9,1,0.8
1700_rico,0.83,0.75,0.83,0.66
1701_rico,0.67,0.6,0.67,0.54
1702_rico,0.67,0.6,0.67,0.54
1703_rico,0.33,0.3,0.33,0.26
1704_rico,0.5,0.45,0.5,0.4
1705_rico,0.33,0.3,0.33,0.26
1706_rico,0.67,0.6,0.67,0.54
1707_rico,0.17,0.15,0.17,0.14
1709_rico,0.67,0.6,0.67,0.54
1710_rico,0.33,0.3,0.33,0.26
1711_rico,0,0,0,0
1713_rico,0.67,0.6,0.67,0.54
1716_rico,0.83,0.75,0.83,0.66
1717_rico,0,0,0,0
1719_rico,0.17,0.15,0.17,0.14
1720_rico,1,0.9,1,0.8
1722_rico,0.67,0.6,0.67,0.54
1725_rico,0,0,0,0
1726_rico,0.67,0.6,0.67,0.54
1728_rico,0.5,0.45,0.5,0.4
1730_rico,0.67,0.6,0.67,0.54
1731_rico,0.83,0.75,0.83,0.66
1732_rico,1,0.9,1,0.8
1734_rico,0.67,0.6,0.67,0.54
1736_rico,0.17,0.15,0.17,0.14
1737_rico,1,0.9,1,0.8
1738_rico,0.33,0.3,0.33,0.26
1739_rico,0.67,0.6,0.67,0.54
1740_rico,0.33,0.3,0.33,0.26
1741_rico,0.83,0.75,0.83,0.66
1745_rico,0.67,0.6,0.67,0.54
1747_rico,0.67,0.6,0.67,0.54
1748_rico,0.33,0.3,0.33,0.26
1749_rico,0.67,0.6,0.67,0.54
1752_rico,0.67,0.6,0.67,0.54
1754_rico,0.67,0.6,0.67,0.54
1757_rico,0.17,0.15,0.17,0.14
1759_rico,0.17,0.15,0.17,0.14
1760_rico,0.67,0.6,0.67,0.54
1762_rico,0,0,0,0
1765_rico,0.67,0.6,0.67,0.54
1770_rico,0.67,0.6,0.67,0.54
1772_rico,0.17,0.15,0.17,0.14
1774_rico,0.33,0.3,0.33,0.26
1775_rico,0.33,0.3,0.33,0.26
1776_rico,1,0.9,1,0.8
1777_rico,0,0,0,0
1779_rico,0.17,0.15,0.17,0.14
1780_rico,0,0,0,0
1783_rico,0.67,0.6,0.67,0.54
1784_rico,0.5,0.45,0.5,0.4
1785_rico,0.33,0.3,0.33,0.26
1786_rico,0.17,0.15,0.17,0.14
1787_rico,0.33,0.3,0.33,0.26
1788_rico,0.83,0.75,0.83,0.66
1789_rico,0.67,0.6,0.67,0.54
1790_rico,0.67,0.6,0.67,0.54
1792_rico,0.67,0.6,0.67,0.54
1794_rico,0.33,0.3,0.33,0.26
1795_rico,0.67,0.6,0.67,0.54
1796_rico,0.5,0.45,0.5,0.4
1801_rico,0,0,0,0
1802_rico,0.5,0.45,0.5,0.4
1803_rico,0.17,0.15,0.17,0.14
1804_rico,0.67,0.6,0.67,0.54
1805_rico,0.67,0.6,0.67,0.54
1808_rico,0.83,0.75,0.83,0.66
1809_rico,0.67,0.6,0.67,0.54
1810_rico,0.67,0.6,0.67,0.54
1811_rico,0.67,0.6,0.67,0.54
1812_rico,0.33,0.3,0.33,0.26
1813_rico,0.67,0.6,0.67,0.54
1815_rico,0.67,0.6,0.67,0.54
1816_rico,0.67,0.6,0.67,0.54
1819_rico,0,0,0,0
1820_rico,0.5,0.45,0.5,0.4
1821_rico,0.67,0.6,0.67,0.54
1822_rico,0.67,0.6,0.67,0.54
1823_rico,0.67,0.6,0.67,0.54
1824_rico,0.67,0.6,0.67,0.54
1825_rico,0.67,0.6,0.67,0.54
1826_rico,0.83,0.75,0.83,0.66
1827_rico,0.67,0.6,0.67,0.54
1828_rico,0.83,0.75,0.83,0.66
1829_rico,0.33,0.3,0.33,0.26
1831_rico,0.67,0.6,0.67,0.54
1832_rico,0.83,0.75,0.83,0.66
1833_rico,0.83,0.75,0.83,0.66
1834_rico,0.83,0.75,0.83,0.66
1837_rico,0.33,0.3,0.33,0.26
1838_rico,0.17,0.15,0.17,0.14
1839_rico,0.67,0.6,0.67,0.54
1840_rico,0.33,0.3,0.33,0.26
1841_rico,0.17,0.15,0.17,0.14
1842_rico,0.83,0.75,0.83,0.66
1844_rico,0,0,0,0
1846_rico,0.67,0.6,0.67,0.54
1847_rico,0.83,0.75,0.83,0.66
1848_rico,0.67,0.6,0.67,0.54
1849_rico,0.5,0.45,0.5,0.4
1851_rico,0.17,0.15,0.17,0.14
1853_rico,0.33,0.3,0.33,0.26
1854_rico,0.33,0.3,0.33,0.26
1855_rico,0.83,0.75,0.83,0.66
1857_rico,0.83,0.75,0.83,0.66
1858_rico,0.83,0.75,0.83,0.66
1859_rico,0,0,0,0
1860_rico,0.83,0.75,0.83,0.66
1861_rico,0,0,0,0
1862_rico,0.33,0.3,0.33,0.26
1863_rico,0.67,0.6,0.67,0.54
1864_rico,0,0,0,0
1866_rico,0.17,0.15,0.17,0.14
1867_rico,0.67,0.6,0.67,0.54
1868_rico,0.17,0.15,0.17,0.14
1869_rico,1,0.9,1,0.8
1870_rico,0,0,0,0
1873_rico,0.33,0.3,0.33,0.26
1874_rico,0,0,0,0
1877_rico,0.83,0.75,0.83,0.66
1878_rico,0.17,0.15,0.17,0.14
1879_rico,0.67,0.6,0.67,0.54
1880_rico,0.67,0.6,0.67,0.54
1881_rico,0.67,0.6,0.67,0.54
1882_rico,0.5,0.45,0.5,0.4
1885_rico,0.5,0.45,0.5,0.4
1886_rico,0.83,0.75,0.83,0.66
1888_rico,0.67,0.6,0.67,0.54
1889_rico,0.67,0.6,0.67,0.54
1890_rico,0.83,0.75,0.83,0.66
1892_rico,0,0,0,0
1893_rico,0.67,0.6,0.67,0.54
1894_rico,0.33,0.3,0.33,0.26
1895_rico,0.83,0.75,0.83,0.66
1897_rico,0.67,0.6,0.67,0.54
1900_rico,0.17,0.15,0.17,0.14
1901_rico,1,0.9,1,0.8
1902_rico,0.33,0.3,0.33,0.26
1904_rico,0.33,0.3,0.33,0.26
1905_rico,0.67,0.6,0.67,0.54
1906_rico,0.83,0.75,0.83,0.66
1907_rico,0.33,0.3,0.33,0.26
1908_rico,0.33,0.3,0.33,0.26
1909_rico,0.83,0.75,0.83,0.66
1911_rico,0.17,0.15,0.17,0.14
1912_rico,0.17,0.15,0.17,0.14
1913_rico,0,0,0,0
1914_rico,0,0,0,0
1915_rico,0.17,0.15,0.17,0.14
1916_rico,0.83,0.75,0.83,0.66
1917_rico,0.67,0.6,0.67,0.54
1918_rico,0.17,0.15,0.17,0.14
1919_rico,0.67,0.6,0.67,0.54
1920_rico,0.17,0.15,0.17,0.14
1921_rico,0.67,0.6,0.67,0.54
1923_rico,0.83,0.75,0.83,0.66
1924_rico,0.17,0.15,0.17,0.14
1927_rico,0,0,0,0
1929_rico,0.83,0.75,0.83,0.66
1931_rico,0.33,0.3,0.33,0.26
1932_rico,0.83,0.75,0.83,0.66
1933_rico,0,0,0,0
1936_rico,0.5,0.45,0.5,0.4
1937_rico,0.67,0.6,0.67,0.54
1938_rico,0.67,0.6,0.67,0.54
1939_rico,0.33,0.3,0.33,0.26
1940_rico,0.83,0.75,0.83,0.66
1941_rico,0.67,0.6,0.67,0.54
1943_rico,0.5,0.45,0.5,0.4
1944_rico,0.67,0.6,0.67,0.54
1947_rico,0.17,0.15,0.17,0.14
1951_rico,0.67,0.6,0.67,0.54
1953_rico,0.67,0.6,0.67,0.54
1954_rico,1,0.9,1,0.8
1955_rico,0,0,0,0
1957_rico,0.83,0.75,0.83,0.66
1958_rico,0.5,0.45,0.5,0.4
1959_rico,0.33,0.3,0.33,0.26
1960_rico,0,0,0,0
1961_rico,1,0.9,1,0.8
1962_rico,0.83,0.75,0.83,0.66
1963_rico,0.5,0.45,0.5,0.4
1969_rico,0.5,0.45,0.5,0.4
1970_rico,0.83,0.75,0.83,0.66
1971_rico,1,0.9,1,0.8
1972_rico,0.83,0.75,0.83,0.66
1973_rico,0.83,0.75,0.83,0.66
1975_rico,0.83,0.75,0.83,0.66
1976_rico,0.67,0.6,0.67,0.54
1977_rico,0.67,0.6,0.67,0.54
1978_rico,0.67,0.6,0.67,0.54
1980_rico,0.33,0.3,0.33,0.26
1981_rico,1,0.9,1,0.8
1982_rico,0.83,0.75,0.83,0.66
1983_rico,0.5,0.45,0.5,0.4
1984_rico,0.83,0.75,0.83,0.66
1985_rico,1,0.9,1,0.8
1986_rico,0.83,0.75,0.83,0.66
1987_rico,0.17,0.15,0.17,0.14
1988_rico,0,0,0,0
1990_rico,1,0.9,1,0.8
1991_rico,0.67,0.6,0.67,0.54
1993_rico,0.33,0.3,0.33,0.26
1994_rico,0.67,0.6,0.67,0.54
1995_rico,0.83,0.75,0.83,0.66
1996_rico,0,0,0,0
1997_rico,0,0,0,0
1998_rico,0.17,0.15,0.17,0.14
1999_rico,1,0.9,1,0.8
2001_rico,0.33,0.3,0.33,0.26
2002_rico,0,0,0,0
2003_rico,0.17,0.15,0.17,0.14
2004_rico,0.33,0.3,0.33,0.26
2005_rico,1,0.9,1,0.8
2008_rico,0.33,0.3,0.33,0.26
2010_rico,1,0.9,1,0.8
2015_rico,0.83,0.75,0.83,0.66
2016_rico,0.67,0.6,0.67,0.54
2018_rico,0.33,0.3,0.33,0.26
2019_rico,1,0.9,1,0.8
2020_rico,0.17,0.15,0.17,0.14
2021_rico,0.17,0.15,0.17,0.14
2022_rico,0.83,0.75,0.83,0.66
2023_rico,0.33,0.3,0.33,0.26
2024_rico,0.17,0.15,0.17,0.14
2025_rico,0.83,0.75,0.83,0.66
2026_rico,0.67,0.6,0.67,0.54
2027_rico,0.17,0.15,0.17,0.14
2028_rico,0,0,0,0
2031_rico,0.17,0.15,0.17,0.14
2032_rico,0.83,0.75,0.83,0.66
2033_rico,0.33,0.3,0.33,0.26
2034_rico,0.33,0.3,0.33,0.26
2035_rico,0.83,0.75,0.83,0.66
2037_rico,0,0,0,0
2038_rico,0.83,0.75,0.83,0.66
2039_rico,0.83,0.75,0.83,0.66
2040_rico,0,0,0,0
2042_rico,0.83,0.75,0.83,0.66
2047_rico,0.67,0.6,0.67,0.54
2048_rico,0.67,0.6,0.67,0.54
2049_rico,0,0,0,0
2052_rico,0,0,0,0
2053_rico,0.17,0.15,0.17,0.14
2054_rico,0.67,0.6,0.67,0.54
2055_rico,0.17,0.15,0.17,0.14
2056_rico,0.33,0.3,0.33,0.26
2057_rico,0,0,0,0
2060_rico,0.17,0.15,0.17,0.14
2063_rico,0,0,0,0
2064_rico,1,0.9,1,0.8
2065_rico,0.67,0.6,0.67,0.54
2067_rico,0.17,0.15,0.17,0.14
2069_rico,0.83,0.75,0.83,0.66
2070_rico,0.33,0.3,0.33,0.26
2071_rico,0.67,0.6,0.67,0.54
2072_rico,0,0,0,0
2073_rico,0.17,0.15,0.17,0.14
2078_rico,0.83,0.75,0.83,0.66
2079_rico,0,0,0,0
2080_rico,0.67,0.6,0.67,0.54
2082_rico,0.83,0.75,0.83,0.66
2083_rico,0,0,0,0
2084_rico,0.33,0.3,0.33,0.26
2085_rico,0.33,0.3,0.33,0.26
2086_rico,0.33,0.3,0.33,0.26
2087_rico,0,0,0,0
2088_rico,0,0,0,0
2089_rico,0,0,0,0
2091_rico,0.33,0.3,0.33,0.26
2092_rico,0.67,0.6,0.67,0.54
2093_rico,0.5,0.45,0.5,0.4
2094_rico,0,0,0,0
2095_rico,0.67,0.6,0.67,0.54
2096_rico,0.83,0.75,0.83,0.66
2097_rico,0.5,0.45,0.5,0.4
2099_rico,0.67,0.6,0.67,0.54
2100_rico,0.33,0.3,0.33,0.26
2102_rico,0.83,0.75,0.83,0.66
2104_rico,0.33,0.3,0.33,0.26
2105_rico,0.83,0.75,0.83,0.66
2108_rico,0.17,0.15,0.17,0.14
2111_rico,0.67,0.6,0.67,0.54
2112_rico,0.17,0.15,0.17,0.14
2113_rico,0.67,0.6,0.67,0.54
2115_rico,1,0.9,1,0.8
2116_rico,0.83,0.75,0.83,0.66
2117_rico,1,0.9,1,0.8
2121_rico,0.17,0.15,0.17,0.14
2123_rico,0.5,0.45,0.5,0.4
2124_rico,1,0.9,1,0.8
2125_rico,0.5,0.45,0.5,0.4
2129_rico,0.33,0.3,0.33,0.26
2130_rico,0.33,0.3,0.33,0.26
2131_rico,1,0.9,1,0.8
2132_rico,0.17,0.15,0.17,0.14
2133_rico,0.5,0.45,0.5,0.4
2135_rico,0.83,0.75,0.83,0.66
2136_rico,0.83,0.75,0.83,0.66
2138_rico,1,0.9,1,0.8
2139_rico,0.33,0.3,0.33,0.26
2141_rico,0.67,0.6,0.67,0.54
2142_rico,0.33,0.3,0.33,0.26
2143_rico,0.83,0.75,0.83,0.66
2144_rico,0.83,0.75,0.83,0.66
2145_rico,0.33,0.3,0.33,0.26
2146_rico,0.33,0.3,0.33,0.26
2147_rico,0.67,0.6,0.67,0.54
2148_rico,0,0,0,0
2149_rico,0.67,0.6,0.67,0.54
2150_rico,0.17,0.15,0.17,0.14
2151_rico,0.83,0.75,0.83,0.66
2152_rico,1,0.9,1,0.8
2153_rico,0.33,0.3,0.33,0.26
2154_rico,0.33,0.3,0.33,0.26
2155_rico,0.17,0.15,0.17,0.14
2158_rico,1,0.9,1,0.8
2159_rico,1,0.9,1,0.8
2160_rico,0.17,0.15,0.17,0.14
2161_rico,0.83,0.75,0.83,0.66
2162_rico,0.33,0.3,0.33,0.26
2163_rico,0.67,0.6,0.67,0.54
2164_rico,0.83,0.75,0.83,0.66
2167_rico,0,0,0,0
2168_rico,0.83,0.75,0.83,0.66
2169_rico,0.33,0.3,0.33,0.26
2171_rico,0.5,0.45,0.5,0.4
2174_rico,0.83,0.75,0.83,0.66
2175_rico,0.17,0.15,0.17,0.14
2176_rico,0.67,0.6,0.67,0.54
2178_rico,0.67,0.6,0.67,0.54
2179_rico,0.5,0.45,0.5,0.4
2180_rico,0,0,0,0
2181_rico,0.83,0.75,0.83,0.66
2182_rico,0,0,0,0
2183_rico,0,0,0,0
2185_rico,0,0,0,0
2186_rico,0.83,0.75,0.83,0.66
2187_rico,0.17,0.15,0.17,0.14
2188_rico,0.83,0.75,0.83,0.66
2189_rico,0.83,0.75,0.83,0.66
2190_rico,0.17,0.15,0.17,0.14
2191_rico,0.5,0.45,0.5,0.4
2194_rico,0.5,0.45,0.5,0.4
2196_rico,0,0,0,0
2197_rico,0.83,0.75,0.83,0.66
2198_rico,0.67,0.6,0.67,0.54
2199_rico,0.33,0.3,0.33,0.26
2200_rico,0.33,0.3,0.33,0.26
2201_rico,0.67,0.6,0.67,0.54
2202_rico,0.83,0.75,0.83,0.66
2203_rico,1,0.9,1,0.8
2204_rico,0.33,0.3,0.33,0.26
2205_rico,0.5,0.45,0.5,0.4
2206_rico,0.17,0.15,0.17,0.14
2207_rico,1,0.9,1,0.8
2208_rico,0.83,0.75,0.83,0.66
2209_rico,0.17,0.15,0.17,0.14
2211_rico,0.83,0.75,0.83,0.66
2213_rico,0,0,0,0
2214_rico,0,0,0,0
2215_rico,0.17,0.15,0.17,0.14
2216_rico,1,0.9,1,0.8
2217_rico,0.83,0.75,0.83,0.66
2218_rico,0.17,0.15,0.17,0.14
2219_rico,0.17,0.15,0.17,0.14
2220_rico,0.83,0.75,0.83,0.66
2221_rico,0.17,0.15,0.17,0.14
2222_rico,0.67,0.6,0.67,0.54
2224_rico,0.33,0.3,0.33,0.26
2226_rico,0.17,0.15,0.17,0.14
2227_rico,0.17,0.15,0.17,0.14
2229_rico,0.33,0.3,0.33,0.26
2231_rico,0.67,0.6,0.67,0.54
2232_rico,0.17,0.15,0.17,0.14
2233_rico,0,0,0,0
2234_rico,0,0,0,0
2235_rico,0.33,0.3,0.33,0.26
2236_rico,0.83,0.75,0.83,0.66
2237_rico,0.33,0.3,0.33,0.26
2238_rico,0.17,0.15,0.17,0.14
2239_rico,0.33,0.3,0.33,0.26
2240_rico,0.33,0.3,0.33,0.26
2241_rico,1,0.9,1,0.8
2243_rico,1,0.9,1,0.8
2244_rico,0.17,0.15,0.17,0.14
2245_rico,0.83,0.75,0.83,0.66
2247_rico,1,0.9,1,0.8
2248_rico,0.67,0.6,0.67,0.54
2249_rico,0.83,0.75,0.83,0.66
2251_rico,0.33,0.3,0.33,0.26
2253_rico,0.83,0.75,0.83,0.66
2254_rico,1,0.9,1,0.8
2255_rico,0.33,0.3,0.33,0.26
2256_rico,0.33,0.3,0.33,0.26
2257_rico,0,0,0,0
2259_rico,0.67,0.6,0.67,0.54
2260_rico,1,0.9,1,0.8
2261_rico,1,0.9,1,0.8
2264_rico,0.17,0.15,0.17,0.14
2266_rico,0.67,0.6,0.67,0.54
2267_rico,0.67,0.6,0.67,0.54
2268_rico,0.67,0.6,0.67,0.54
2269_rico,1,0.9,1,0.8
2270_rico,1,0.9,1,0.8
2271_rico,0.83,0.75,0.83,0.66
2272_rico,0.67,0.6,0.67,0.54
2273_rico,0.17,0.15,0.17,0.14
2274_rico,0.33,0.3,0.33,0.26
2275_rico,0,0,0,0
2276_rico,0.83,0.75,0.83,0.66
2277_rico,0.5,0.45,0.5,0.4
2279_rico,0.33,0.3,0.33,0.26
2284_rico,0.33,0.3,0.33,0.26
2285_rico,0.83,0.75,0.83,0.66
2286_rico,0.33,0.3,0.33,0.26
2288_rico,1,0.9,1,0.8
2289_rico,1,0.9,1,0.8
2290_rico,0.83,0.75,0.83,0.66
2292_rico,1,0.9,1,0.8
2293_rico,0.67,0.6,0.67,0.54
2294_rico,0.17,0.15,0.17,0.14
2295_rico,0.83,0.75,0.83,0.66
2296_rico,0.5,0.45,0.5,0.4
2297_rico,0,0,0,0
2298_rico,1,0.9,1,0.8
2299_rico,0.83,0.75,0.83,0.66
2304_rico,0.67,0.6,0.67,0.54
2305_rico,0.33,0.3,0.33,0.26
2306_rico,0.17,0.15,0.17,0.14
2307_rico,0.83,0.75,0.83,0.66
2308_rico,0.67,0.6,0.67,0.54
2309_rico,1,0.9,1,0.8
2311_rico,0.17,0.15,0.17,0.14
2312_rico,0.83,0.75,0.83,0.66
2313_rico,1,0.9,1,0.8
2314_rico,1,0.9,1,0.8
2315_rico,0.67,0.6,0.67,0.54
2316_rico,0.33,0.3,0.33,0.26
2317_rico,0.83,0.75,0.83,0.66
2318_rico,0.33,0.3,0.33,0.26
2319_rico,0.83,0.75,0.83,0.66
2320_rico,0.67,0.6,0.67,0.54
2321_rico,0.33,0.3,0.33,0.26
2322_rico,1,0.9,1,0.8
2323_rico,0.83,0.75,0.83,0.66
2324_rico,0.33,0.3,0.33,0.26
2326_rico,0.83,0.75,0.83,0.66
2330_rico,0.33,0.3,0.33,0.26
2331_rico,0.83,0.75,0.83,0.66
2334_rico,0,0,0,0
2336_rico,0.17,0.15,0.17,0.14
2337_rico,0.33,0.3,0.33,0.26
2338_rico,0.67,0.6,0.67,0.54
2339_rico,0,0,0,0
2340_rico,1,0.9,1,0.8
2341_rico,0.67,0.6,0.67,0.54
2342_rico,0.67,0.6,0.67,0.54
2343_rico,0.17,0.15,0.17,0.14
2344_rico,0.17,0.15,0.17,0.14
2345_rico,0.67,0.6,0.67,0.54
2346_rico,0.83,0.75,0.83,0.66
2347_rico,1,0.9,1,0.8
2349_rico,0.67,0.6,0.67,0.54
2350_rico,0.83,0.75,0.83,0.66
2351_rico,0.33,0.3,0.33,0.26
2353_rico,0.67,0.6,0.67,0.54
2355_rico,0.33,0.3,0.33,0.26
2356_rico,0.33,0.3,0.33,0.26
2358_rico,0.67,0.6,0.67,0.54
2360_rico,0.67,0.6,0.67,0.54
2361_rico,0,0,0,0
2362_rico,0.67,0.6,0.67,0.54
2363_rico,0.67,0.6,0.67,0.54
2364_rico,0.67,0.6,0.67,0.54
2365_rico,0,0,0,0
2366_rico,0.17,0.15,0.17,0.14
2367_rico,0.83,0.75,0.83,0.66
2370_rico,1,0.9,1,0.8
2372_rico,0.33,0.3,0.33,0.26
2373_rico,0.67,0.6,0.67,0.54
2374_rico,1,0.9,1,0.8
2376_rico,0.67,0.6,0.67,0.54
2379_rico,0,0,0,0
2380_rico,0.83,0.75,0.83,0.66
2383_rico,0.83,0.75,0.83,0.66
2385_rico,0.67,0.6,0.67,0.54
2387_rico,0,0,0,0
2389_rico,0.67,0.6,0.67,0.54
2393_rico,1,0.9,1,0.8
2394_rico,0.17,0.15,0.17,0.14
2395_rico,0.5,0.45,0.5,0.4
2396_rico,0.83,0.75,0.83,0.66
2399_rico,0.83,0.75,0.83,0.66
2400_rico,0.5,0.45,0.5,0.4
2402_rico,0.67,0.6,0.67,0.54
2405_rico,0.5,0.45,0.5,0.4
2406_rico,0.67,0.6,0.67,0.54
2407_rico,0.67,0.6,0.67,0.54
2408_rico,0.17,0.15,0.17,0.14
2409_rico,0.83,0.75,0.83,0.66
2410_rico,0.67,0.6,0.67,0.54
2411_rico,0.67,0.6,0.67,0.54
2413_rico,0.17,0.15,0.17,0.14
2415_rico,0.5,0.45,0.5,0.4
2416_rico,0.33,0.3,0.33,0.26
2417_rico,0.17,0.15,0.17,0.14
2418_rico,0.67,0.6,0.67,0.54
2419_rico,0.33,0.3,0.33,0.26
2420_rico,0.67,0.6,0.67,0.54
2421_rico,0.17,0.15,0.17,0.14
2422_rico,0.83,0.75,0.83,0.66
2423_rico,0.67,0.6,0.67,0.54
2424_rico,0.5,0.45,0.5,0.4
2425_rico,0.83,0.75,0.83,0.66
2426_rico,0.5,0.45,0.5,0.4
2427_rico,0.83,0.75,0.83,0.66
2428_rico,0.5,0.45,0.5,0.4
2429_rico,0.5,0.45,0.5,0.4
2433_rico,0.67,0.6,0.67,0.54
2434_rico,0.67,0.6,0.67,0.54
2435_rico,0.83,0.75,0.83,0.66
2436_rico,0.83,0.75,0.83,0.66
2437_rico,0.5,0.45,0.5,0.4
2438_rico,0.67,0.6,0.67,0.54
2439_rico,0.83,0.75,0.83,0.66
2443_rico,0.33,0.3,0.33,0.26
2445_rico,0.83,0.75,0.83,0.66
2446_rico,0.67,0.6,0.67,0.54
2447_rico,0.83,0.75,0.83,0.66
2448_rico,1,0.9,1,0.8
2449_rico,0.5,0.45,0.5,0.4
2450_rico,0.83,0.75,0.83,0.66
2451_rico,0.5,0.45,0.5,0.4
2452_rico,0.83,0.75,0.83,0.66
2453_rico,0.33,0.3,0.33,0.26
2454_rico,0.67,0.6,0.67,0.54
2455_rico,0.83,0.75,0.83,0.66
2456_rico,0.5,0.45,0.5,0.4
2458_rico,0.67,0.6,0.67,0.54
2459_rico,0.67,0.6,0.67,0.54
2461_rico,1,0.9,1,0.8
2462_rico,0.67,0.6,0.67,0.54
2463_rico,0.33,0.3,0.33,0.26
2464_rico,0.33,0.3,0.33,0.26
2465_rico,0.67,0.6,0.67,0.54
2467_rico,0.67,0.6,0.67,0.54
2468_rico,0.67,0.6,0.67,0.54
2469_rico,0.5,0.45,0.5,0.4
2470_rico,0.5,0.45,0.5,0.4
2471_rico,0.83,0.75,0.83,0.66
2472_rico,0.83,0.75,0.83,0.66
2474_rico,0.67,0.6,0.67,0.54
2475_rico,1,0.9,1,0.8
2476_rico,1,0.9,1,0.8
2478_rico,0.5,0.45,0.5,0.4
2479_rico,0.5,0.45,0.5,0.4
2480_rico,0.67,0.6,0.67,0.54
2481_rico,0.83,0.75,0.83,0.66
2482_rico,0.5,0.45,0.5,0.4
2483_rico,0.83,0.75,0.83,0.66
2484_rico,0.5,0.45,0.5,0.4
2485_rico,0.67,0.6,0.67,0.54
2487_rico,0.67,0.6,0.67,0.54
2489_rico,0.83,0.75,0.83,0.66
2490_rico,0.83,0.75,0.83,0.66
2492_rico,1,0.9,1,0.8
2493_rico,1,0.9,1,0.8
2494_rico,0.67,0.6,0.67,0.54
2495_rico,0.5,0.45,0.5,0.4
2496_rico,0.5,0.45,0.5,0.4
2497_rico,0.33,0.3,0.33,0.26
2498_rico,0.67,0.6,0.67,0.54
2499_rico,0.67,0.6,0.67,0.54
2500_rico,0.83,0.75,0.83,0.66
2501_rico,1,0.9,1,0.8
2502_rico,1,0.9,1,0.8
2503_rico,0.67,0.6,0.67,0.54
2505_rico,0.17,0.15,0.17,0.14
2506_rico,0.83,0.75,0.83,0.66
2507_rico,0.83,0.75,0.83,0.66
2508_rico,0.83,0.75,0.83,0.66
2509_rico,0.67,0.6,0.67,0.54
2510_rico,0.83,0.75,0.83,0.66
2511_rico,0.5,0.45,0.5,0.4
2512_rico,0.83,0.75,0.83,0.66
2513_rico,0.33,0.3,0.33,0.26
2514_rico,0.33,0.3,0.33,0.26
2515_rico,0.5,0.45,0.5,0.4
2516_rico,0.67,0.6,0.67,0.54
2518_rico,0.83,0.75,0.83,0.66
2519_rico,0.67,0.6,0.67,0.54
2520_rico,0.67,0.6,0.67,0.54
2521_rico,0.67,0.6,0.67,0.54
2525_rico,0.67,0.6,0.67,0.54
2526_rico,0.83,0.75,0.83,0.66
2528_rico,0.33,0.3,0.33,0.26
2529_rico,0.83,0.75,0.83,0.66
2530_rico,0.67,0.6,0.67,0.54
2531_rico,0.67,0.6,0.67,0.54
2532_rico,0.67,0.6,0.67,0.54
2533_rico,0.5,0.45,0.5,0.4
2534_rico,0.83,0.75,0.83,0.66
2535_rico,0.67,0.6,0.67,0.54
2536_rico,0.67,0.6,0.67,0.54
2537_rico,1,0.9,1,0.8
2538_rico,1,0.9,1,0.8
2540_rico,0.67,0.6,0.67,0.54
2541_rico,0.5,0.45,0.5,0.4
2542_rico,0.67,0.6,0.67,0.54
2543_rico,0.83,0.75,0.83,0.66
2545_rico,0.5,0.45,0.5,0.4
2546_rico,0.67,0.6,0.67,0.54
2547_rico,0.83,0.75,0.83,0.66
2548_rico,0.67,0.6,0.67,0.54
2552_rico,0.5,0.45,0.5,0.4
2555_rico,0.67,0.6,0.67,0.54
2556_rico,0.83,0.75,0.83,0.66
2557_rico,0.67,0.6,0.67,0.54
2558_rico,0.83,0.75,0.83,0.66
2560_rico,0.33,0.3,0.33,0.26
2561_rico,0.5,0.45,0.5,0.4
2562_rico,0.33,0.3,0.33,0.26
2564_rico,0.83,0.75,0.83,0.66
2565_rico,0.83,0.75,0.83,0.66
2566_rico,0.83,0.75,0.83,0.66
2568_rico,0.67,0.6,0.67,0.54
2569_rico,0.67,0.6,0.67,0.54
2570_rico,0.67,0.6,0.67,0.54
2572_rico,0.67,0.6,0.67,0.54
2573_rico,0.67,0.6,0.67,0.54
2574_rico,0.33,0.3,0.33,0.26
2577_rico,0.67,0.6,0.67,0.54
2582_rico,0.83,0.75,0.83,0.66
2583_rico,0.83,0.75,0.83,0.66
2585_rico,0.5,0.45,0.5,0.4
2587_rico,0.5,0.45,0.5,0.4
2588_rico,1,0.9,1,0.8
2589_rico,0.67,0.6,0.67,0.54
2590_rico,0.83,0.75,0.83,0.66
2591_rico,0.83,0.75,0.83,0.66
2593_rico,0.83,0.75,0.83,0.66
2594_rico,0.83,0.75,0.83,0.66
2595_rico,0.83,0.75,0.83,0.66
2597_rico,0.83,0.75,0.83,0.66
2598_rico,1,0.9,1,0.8
2599_rico,0.67,0.6,0.67,0.54
2600_rico,0.67,0.6,0.67,0.54
2601_rico,0.83,0.75,0.83,0.66
2602_rico,0.67,0.6,0.67,0.54
2604_rico,0.83,0.75,0.83,0.66
2605_rico,0.5,0.45,0.5,0.4
2606_rico,1,0.9,1,0.8
2607_rico,0.33,0.3,0.33,0.26
2608_rico,0.83,0.75,0.83,0.66
2610_rico,0.67,0.6,0.67,0.54
2614_rico,0.5,0.45,0.5,0.4
2616_rico,0.17,0.15,0.17,0.14
2617_rico,0.83,0.75,0.83,0.66
2619_rico,0.67,0.6,0.67,0.54
2622_rico,0.67,0.6,0.67,0.54
2623_rico,1,0.9,1,0.8
2624_rico,0.83,0.75,0.83,0.66
2627_rico,0.33,0.3,0.33,0.26
2628_rico,0.67,0.6,0.67,0.54
2629_rico,0.5,0.45,0.5,0.4
2630_rico,0.17,0.15,0.17,0.14
2631_rico,1,0.9,1,0.8
2632_rico,0.33,0.3,0.33,0.26
2633_rico,0.83,0.75,0.83,0.66
2634_rico,0.83,0.75,0.83,0.66
2635_rico,0.83,0.75,0.83,0.66
2636_rico,0.17,0.15,0.17,0.14
2637_rico,0.67,0.6,0.67,0.54
2638_rico,0.83,0.75,0.83,0.66
2641_rico,0.5,0.45,0.5,0.4
2643_rico,0.67,0.6,0.67,0.54
2645_rico,0.83,0.75,0.83,0.66
2646_rico,0.5,0.45,0.5,0.4
2647_rico,0.33,0.3,0.33,0.26
2648_rico,0.67,0.6,0.67,0.54
2649_rico,0.67,0.6,0.67,0.54
2650_rico,0.67,0.6,0.67,0.54
2653_rico,0.67,0.6,0.67,0.54
2654_rico,1,0.9,1,0.8
2655_rico,0.67,0.6,0.67,0.54
2657_rico,0.5,0.45,0.5,0.4
2658_rico,0.67,0.6,0.67,0.54
2659_rico,0.83,0.75,0.83,0.66
2660_rico,0.83,0.75,0.83,0.66
2661_rico,0.83,0.75,0.83,0.66
2662_rico,0.5,0.45,0.5,0.4
2663_rico,0.83,0.75,0.83,0.66
2664_rico,0.67,0.6,0.67,0.54
2665_rico,0.67,0.6,0.67,0.54
2667_rico,0.5,0.45,0.5,0.4
2668_rico,1,0.9,1,0.8
2669_rico,0.67,0.6,0.67,0.54
2671_rico,0.33,0.3,0.33,0.26
2672_rico,0.83,0.75,0.83,0.66
2673_rico,0.33,0.3,0.33,0.26
2674_rico,0.67,0.6,0.67,0.54
2675_rico,1,0.9,1,0.8
2676_rico,0.67,0.6,0.67,0.54
2678_rico,0.17,0.15,0.17,0.14
2679_rico,0.67,0.6,0.67,0.54
2682_rico,0.17,0.15,0.17,0.14
2683_rico,0.33,0.3,0.33,0.26
2684_rico,0.67,0.6,0.67,0.54
2685_rico,0.83,0.75,0.83,0.66
2686_rico,0.67,0.6,0.67,0.54
2687_rico,0.67,0.6,0.67,0.54
2690_rico,0.67,0.6,0.67,0.54
2692_rico,1,0.9,1,0.8
2693_rico,0.83,0.75,0.83,0.66
2694_rico,0.83,0.75,0.83,0.66
2695_rico,0.83,0.75,0.83,0.66
2696_rico,0.67,0.6,0.67,0.54
2697_rico,0.33,0.3,0.33,0.26
2698_rico,0.83,0.75,0.83,0.66
2699_rico,0.17,0.15,0.17,0.14
2700_rico,0.33,0.3,0.33,0.26
2701_rico,0.67,0.6,0.67,0.54
2702_rico,0.83,0.75,0.83,0.66
2703_rico,0.33,0.3,0.33,0.26
2704_rico,0.83,0.75,0.83,0.66
2706_rico,0.67,0.6,0.67,0.54
2707_rico,1,0.9,1,0.8
2708_rico,0.33,0.3,0.33,0.26
2709_rico,0.83,0.75,0.83,0.66
2713_rico,0.5,0.45,0.5,0.4
2715_rico,0.67,0.6,0.67,0.54
2716_rico,0.17,0.15,0.17,0.14
2718_rico,0.83,0.75,0.83,0.66
2719_rico,0.33,0.3,0.33,0.26
2720_rico,0.67,0.6,0.67,0.54
2721_rico,0.67,0.6,0.67,0.54
2723_rico,0.5,0.45,0.5,0.4
2724_rico,0.67,0.6,0.67,0.54
2725_rico,0.67,0.6,0.67,0.54
2727_rico,0.33,0.3,0.33,0.26
2728_rico,0.67,0.6,0.67,0.54
2729_rico,0.67,0.6,0.67,0.54
2730_rico,0.83,0.75,0.83,0.66
2732_rico,0.67,0.6,0.67,0.54
2734_rico,0.83,0.75,0.83,0.66
2735_rico,0.83,0.75,0.83,0.66
2736_rico,0.83,0.75,0.83,0.66
2737_rico,1,0.9,1,0.8
2739_rico,0.67,0.6,0.67,0.54
2740_rico,1,0.9,1,0.8
2742_rico,0.83,0.75,0.83,0.66
2743_rico,0.33,0.3,0.33,0.26
2745_rico,0.67,0.6,0.67,0.54
2746_rico,0,0,0,0
2747_rico,0,0,0,0
2748_rico,0.67,0.6,0.67,0.54
2749_rico,0.83,0.75,0.83,0.66
2751_rico,0.67,0.6,0.67,0.54
2752_rico,0.33,0.3,0.33,0.26
2753_rico,1,0.9,1,0.8
2754_rico,0.5,0.45,0.5,0.4
2755_rico,0.5,0.45,0.5,0.4
2758_rico,0.67,0.6,0.67,0.54
2759_rico,0.33,0.3,0.33,0.26
2762_rico,0.67,0.6,0.67,0.54
2764_rico,0,0,0,0
2766_rico,0.67,0.6,0.67,0.54
2768_rico,0.67,0.6,0.67,0.54
2769_rico,1,0.9,1,0.8
2771_rico,0.67,0.6,0.67,0.54
2772_rico,0.83,0.75,0.83,0.66
2773_rico,0.83,0.75,0.83,0.66
2774_rico,0.67,0.6,0.67,0.54
2776_rico,0.67,0.6,0.67,0.54
2777_rico,0.83,0.75,0.83,0.66
2778_rico,0.67,0.6,0.67,0.54
2779_rico,0.83,0.75,0.83,0.66
2780_rico,0.67,0.6,0.67,0.54
2781_rico,0.83,0.75,0.83,0.66
2783_rico,1,0.9,1,0.8
2784_rico,0.5,0.45,0.5,0.4
2785_rico,0.33,0.3,0.33,0.26
2786_rico,0.83,0.75,0.83,0.66
2787_rico,0.33,0.3,0.33,0.26
2788_rico,0.67,0.6,0.67,0.54
2789_rico,0.83,0.75,0.83,0.66
2790_rico,0.5,0.45,0.5,0.4
2791_rico,0.17,0.15,0.17,0.14
2793_rico,0.67,0.6,0.67,0.54
2794_rico,0.83,0.75,0.83,0.66
2795_rico,0.67,0.6,0.67,0.54
2797_rico,0.83,0.75,0.83,0.66
2800_rico,0.67,0.6,0.67,0.54
2801_rico,0.67,0.6,0.67,0.54
2802_rico,0.67,0.6,0.67,0.54
2803_rico,0.33,0.3,0.33,0.26
2804_rico,0.17,0.15,0.17,0.14
2808_rico,0.17,0.15,0.17,0.14
2810_rico,0.83,0.75,0.83,0.66
2812_rico,0.67,0.6,0.67,0.54
2814_rico,0.83,0.75,0.83,0.66
2815_rico,0.33,0.3,0.33,0.26
2818_rico,0.67,0.6,0.67,0.54
2820_rico,0.67,0.6,0.67,0.54
2821_rico,0.67,0.6,0.67,0.54
2822_rico,0.67,0.6,0.67,0.54
2825_rico,0.67,0.6,0.67,0.54
2826_rico,0.67,0.6,0.67,0.54
2827_rico,0.83,0.75,0.83,0.66
2828_rico,0.17,0.15,0.17,0.14
2829_rico,0.67,0.6,0.67,0.54
2831_rico,0.67,0.6,0.67,0.54
2832_rico,0.33,0.3,0.33,0.26
2833_rico,0.67,0.6,0.67,0.54
2834_rico,0.17,0.15,0.17,0.14
2836_rico,0,0,0,0
2837_rico,0.67,0.6,0.67,0.54
2838_rico,0.67,0.6,0.67,0.54
2839_rico,0.83,0.75,0.83,0.66
2840_rico,0.5,0.45,0.5,0.4
2841_rico,0.83,0.75,0.83,0.66
2844_rico,0.83,0.75,0.83,0.66
2845_rico,0.33,0.3,0.33,0.26
2846_rico,0.83,0.75,0.83,0.66
2847_rico,0.83,0.75,0.83,0.66
2848_rico,0.67,0.6,0.67,0.54
2849_rico,0.67,0.6,0.67,0.54
2850_rico,0.83,0.75,0.83,0.66
2851_rico,0.67,0.6,0.67,0.54
2854_rico,0.17,0.15,0.17,0.14
2862_rico,0.33,0.3,0.33,0.26
2864_rico,0.83,0.75,0.83,0.66
2865_rico,0,0,0,0
2866_rico,0.33,0.3,0.33,0.26
2868_rico,0.17,0.15,0.17,0.14
2869_rico,0.5,0.45,0.5,0.4
2871_rico,0.67,0.6,0.67,0.54
2872_rico,0.33,0.3,0.33,0.26
2874_rico,0.33,0.3,0.33,0.26
2875_rico,0.67,0.6,0.67,0.54
2876_rico,0,0,0,0
2877_rico,0.17,0.15,0.17,0.14
2878_rico,0.17,0.15,0.17,0.14
2880_rico,0.67,0.6,0.67,0.54
2882_rico,0,0,0,0
2883_rico,0.33,0.3,0.33,0.26
2884_rico,0.5,0.45,0.5,0.4
2886_rico,0.83,0.75,0.83,0.66
2887_rico,1,0.9,1,0.8
2888_rico,0.33,0.3,0.33,0.26
2889_rico,0.33,0.3,0.33,0.26
2890_rico,0.67,0.6,0.67,0.54
2891_rico,0.17,0.15,0.17,0.14
2892_rico,0.17,0.15,0.17,0.14
2893_rico,0.17,0.15,0.17,0.14
2894_rico,0.83,0.75,0.83,0.66
2896_rico,0,0,0,0
2899_rico,0.67,0.6,0.67,0.54
2901_rico,0.67,0.6,0.67,0.54
2902_rico,0.17,0.15,0.17,0.14
2903_rico,0,0,0,0
2904_rico,0.33,0.3,0.33,0.26
2905_rico,0.33,0.3,0.33,0.26
2906_rico,0.33,0.3,0.33,0.26
2907_rico,0.33,0.3,0.33,0.26
2908_rico,0.33,0.3,0.33,0.26
2909_rico,0.67,0.6,0.67,0.54
2910_rico,0.17,0.15,0.17,0.14
2912_rico,1,0.9,1,0.8
2913_rico,0.67,0.6,0.67,0.54
2914_rico,0.83,0.75,0.83,0.66
2915_rico,1,0.9,1,0.8
2917_rico,0.33,0.3,0.33,0.26
2918_rico,0,0,0,0
2919_rico,0.17,0.15,0.17,0.14
2920_rico,0.83,0.75,0.83,0.66
2922_rico,0.83,0.75,0.83,0.66
2923_rico,0.33,0.3,0.33,0.26
2924_rico,0.67,0.6,0.67,0.54
2926_rico,0.17,0.15,0.17,0.14
2927_rico,0.33,0.3,0.33,0.26
2928_rico,0.17,0.15,0.17,0.14
2930_rico,0.33,0.3,0.33,0.26
2931_rico,0.17,0.15,0.17,0.14
2932_rico,0.67,0.6,0.67,0.54
2933_rico,0.83,0.75,0.83,0.66
2934_rico,0,0,0,0
2935_rico,0.33,0.3,0.33,0.26
2936_rico,0.17,0.15,0.17,0.14
2938_rico,0.17,0.15,0.17,0.14
2939_rico,0.33,0.3,0.33,0.26
2940_rico,0.33,0.3,0.33,0.26
2941_rico,0.17,0.15,0.17,0.14
2943_rico,0,0,0,0
2944_rico,0.17,0.15,0.17,0.14
2946_rico,0.67,0.6,0.67,0.54
2948_rico,0.83,0.75,0.83,0.66
2951_rico,0,0,0,0
2952_rico,0.33,0.3,0.33,0.26
2953_rico,0.5,0.45,0.5,0.4
2954_rico,0.33,0.3,0.33,0.26
2955_rico,0.33,0.3,0.33,0.26
2957_rico,0,0,0,0
2960_rico,0.83,0.75,0.83,0.66
2962_rico,0.17,0.15,0.17,0.14
2963_rico,0.33,0.3,0.33,0.26
2964_rico,0.17,0.15,0.17,0.14
2965_rico,0.33,0.3,0.33,0.26
2966_rico,0,0,0,0
2968_rico,0.33,0.3,0.33,0.26
2969_rico,0.67,0.6,0.67,0.54
2970_rico,0,0,0,0
2971_rico,0.17,0.15,0.17,0.14
2972_rico,0.33,0.3,0.33,0.26
2974_rico,0.33,0.3,0.33,0.26
2976_rico,0.33,0.3,0.33,0.26
2977_rico,0.67,0.6,0.67,0.54
2979_rico,0,0,0,0
2980_rico,0.33,0.3,0.33,0.26
2981_rico,0.83,0.75,0.83,0.66
2982_rico,0,0,0,0
2984_rico,0.17,0.15,0.17,0.14
2985_rico,0.17,0.15,0.17,0.14
2986_rico,0.17,0.15,0.17,0.14
2989_rico,0.67,0.6,0.67,0.54
2990_rico,0.67,0.6,0.67,0.54
2991_rico,0.83,0.75,0.83,0.66
2993_rico,0,0,0,0
2994_rico,0.67,0.6,0.67,0.54
2996_rico,0,0,0,0
2997_rico,0.33,0.3,0.33,0.26
2999_rico,0.5,0.45,0.5,0.4
3000_rico,0,0,0,0
3003_rico,0.17,0.15,0.17,0.14
3006_rico,0.83,0.75,0.83,0.66
3007_rico,0.17,0.15,0.17,0.14
3008_rico,0.33,0.3,0.33,0.26
3009_rico,0.33,0.3,0.33,0.26
3010_rico,0.17,0.15,0.17,0.14
3012_rico,0.17,0.15,0.17,0.14
3013_rico,0.67,0.6,0.67,0.54
3014_rico,0.33,0.3,0.33,0.26
3015_rico,0.67,0.6,0.67,0.54
3016_rico,0.17,0.15,0.17,0.14
3019_rico,0.17,0.15,0.17,0.14
3020_rico,0.83,0.75,0.83,0.66
3021_rico,0.17,0.15,0.17,0.14
3022_rico,0.33,0.3,0.33,0.26
3023_rico,0.67,0.6,0.67,0.54
3024_rico,0,0,0,0
3025_rico,0,0,0,0
3026_rico,1,0.9,1,0.8
3028_rico,0,0,0,0
3029_rico,0,0,0,0
3030_rico,0.33,0.3,0.33,0.26
3034_rico,0,0,0,0
3035_rico,0.5,0.45,0.5,0.4
3036_rico,0.67,0.6,0.67,0.54
3040_rico,0.33,0.3,0.33,0.26
3041_rico,0.33,0.3,0.33,0.26
3042_rico,0.17,0.15,0.17,0.14
3044_rico,0.5,0.45,0.5,0.4
3045_rico,0,0,0,0
3046_rico,0.17,0.15,0.17,0.14
3047_rico,0,0,0,0
3048_rico,0.33,0.3,0.33,0.26
3049_rico,0.5,0.45,0.5,0.4
3054_rico,1,0.9,1,0.8
3056_rico,0.83,0.75,0.83,0.66
3058_rico,0.67,0.6,0.67,0.54
3064_rico,0,0,0,0
3065_rico,0.17,0.15,0.17,0.14
3068_rico,0.17,0.15,0.17,0.14
3069_rico,0.33,0.3,0.33,0.26
3070_rico,0.33,0.3,0.33,0.26
3071_rico,0.33,0.3,0.33,0.26
3074_rico,0.33,0.3,0.33,0.26
3075_rico,0.67,0.6,0.67,0.54
3076_rico,0,0,0,0
3078_rico,0.33,0.3,0.33,0.26
3079_rico,0.67,0.6,0.67,0.54
3080_rico,0.17,0.15,0.17,0.14
3081_rico,0.17,0.15,0.17,0.14
3082_rico,0.17,0.15,0.17,0.14
3084_rico,0.67,0.6,0.67,0.54
3086_rico,0.83,0.75,0.83,0.66
3087_rico,0.5,0.45,0.5,0.4
3088_rico,0.17,0.15,0.17,0.14
3089_rico,0,0,0,0
3091_rico,0.33,0.3,0.33,0.26
3093_rico,0.17,0.15,0.17,0.14
3094_rico,0,0,0,0
3095_rico,0.17,0.15,0.17,0.14
3096_rico,0,0,0,0
3098_rico,0.5,0.45,0.5,0.4
3099_rico,0,0,0,0
3100_rico,0.17,0.15,0.17,0.14
3101_rico,0.33,0.3,0.33,0.26
3103_rico,0,0,0,0
3104_rico,0.17,0.15,0.17,0.14
3105_rico,0.67,0.6,0.67,0.54
3106_rico,0.67,0.6,0.67,0.54
3107_rico,0.33,0.3,0.33,0.26
3108_rico,0.33,0.3,0.33,0.26
3109_rico,0.83,0.75,0.83,0.66
3113_rico,0.83,0.75,0.83,0.66
3116_rico,0.17,0.15,0.17,0.14
3118_rico,0.67,0.6,0.67,0.54
3120_rico,0.83,0.75,0.83,0.66
3122_rico,0.67,0.6,0.67,0.54
3123_rico,0.67,0.6,0.67,0.54
3124_rico,0.33,0.3,0.33,0.26
3125_rico,0.33,0.3,0.33,0.26
3126_rico,0.17,0.15,0.17,0.14
3127_rico,0,0,0,0
3129_rico,0.17,0.15,0.17,0.14
3131_rico,0,0,0,0
3133_rico,0,0,0,0
3134_rico,0.17,0.15,0.17,0.14
3135_rico,0.17,0.15,0.17,0.14
3137_rico,0,0,0,0
3139_rico,0.83,0.75,0.83,0.66
3140_rico,0.17,0.15,0.17,0.14
3141_rico,0.67,0.6,0.67,0.54
3142_rico,0.67,0.6,0.67,0.54
3143_rico,0.17,0.15,0.17,0.14
3145_rico,0.17,0.15,0.17,0.14
3146_rico,0.33,0.3,0.33,0.26
3148_rico,0.33,0.3,0.33,0.26
3149_rico,0.33,0.3,0.33,0.26
3151_rico,0.33,0.3,0.33,0.26
3152_rico,0.5,0.45,0.5,0.4
3153_rico,0.5,0.45,0.5,0.4
3154_rico,0.33,0.3,0.33,0.26
3156_rico,0.33,0.3,0.33,0.26
3157_rico,0.33,0.3,0.33,0.26
3158_rico,0.33,0.3,0.33,0.26
3160_rico,0.67,0.6,0.67,0.54
3162_rico,0.67,0.6,0.67,0.54
3165_rico,0.33,0.3,0.33,0.26
3166_rico,0.67,0.6,0.67,0.54
3167_rico,0.17,0.15,0.17,0.14
3168_rico,0.83,0.75,0.83,0.66
3169_rico,0.33,0.3,0.33,0.26
3170_rico,0,0,0,0
3172_rico,0,0,0,0
3175_rico,0.33,0.3,0.33,0.26
3176_rico,0,0,0,0
3177_rico,0.67,0.6,0.67,0.54
3179_rico,0.67,0.6,0.67,0.54
3180_rico,0.33,0.3,0.33,0.26
3181_rico,0.5,0.45,0.5,0.4
3182_rico,0,0,0,0
3183_rico,0.83,0.75,0.83,0.66
3184_rico,0,0,0,0
3185_rico,0,0,0,0
3186_rico,0.67,0.6,0.67,0.54
3188_rico,0.67,0.6,0.67,0.54
3189_rico,0,0,0,0
3192_rico,0,0,0,0
3193_rico,0.17,0.15,0.17,0.14
3194_rico,0.17,0.15,0.17,0.14
3195_rico,0,0,0,0
3196_rico,0,0,0,0
3197_rico,0.5,0.45,0.5,0.4
3198_rico,0.33,0.3,0.33,0.26
3199_rico,0.17,0.15,0.17,0.14
3202_rico,0.5,0.45,0.5,0.4
3203_rico,0,0,0,0
3205_rico,0.33,0.3,0.33,0.26
3206_rico,0.67,0.6,0.67,0.54
3207_rico,0.33,0.3,0.33,0.26
3209_rico,0.17,0.15,0.17,0.14
3210_rico,0.33,0.3,0.33,0.26
3213_rico,0.17,0.15,0.17,0.14
3214_rico,0,0,0,0
3215_rico,0.5,0.45,0.5,0.4
3216_rico,0.17,0.15,0.17,0.14
3217_rico,0.17,0.15,0.17,0.14
3218_rico,0.17,0.15,0.17,0.14
3219_rico,0.33,0.3,0.33,0.26
3221_rico,0.67,0.6,0.67,0.54
3224_rico,1,0.9,1,0.8
3225_rico,0.67,0.6,0.67,0.54
3226_rico,1,0.9,1,0.8
3227_rico,0.17,0.15,0.17,0.14
3228_rico,0.33,0.3,0.33,0.26
3230_rico,0.5,0.45,0.5,0.4
3233_rico,0.5,0.45,0.5,0.4
3234_rico,0,0,0,0
3235_rico,0.67,0.6,0.67,0.54
3236_rico,0,0,0,0
3238_rico,1,0.9,1,0.8
3239_rico,0,0,0,0
3240_rico,0.33,0.3,0.33,0.26
3241_rico,0.33,0.3,0.33,0.26
3242_rico,0.33,0.3,0.33,0.26
3245_rico,0,0,0,0
3246_rico,0,0,0,0
3247_rico,0,0,0,0
3249_rico,0.33,0.3,0.33,0.26
3251_rico,0.33,0.3,0.33,0.26
3257_rico,0.67,0.6,0.67,0.54
3259_rico,0,0,0,0
3260_rico,0.33,0.3,0.33,0.26
3261_rico,0,0,0,0
3264_rico,0,0,0,0
3265_rico,0.33,0.3,0.33,0.26
3268_rico,0,0,0,0
3269_rico,0.83,0.75,0.83,0.66
3270_rico,0.33,0.3,0.33,0.26
3272_rico,0.67,0.6,0.67,0.54
3274_rico,0.33,0.3,0.33,0.26
3275_rico,0.33,0.3,0.33,0.26
3276_rico,0,0,0,0
3277_rico,0.17,0.15,0.17,0.14
3278_rico,0.33,0.3,0.33,0.26
3279_rico,0.33,0.3,0.33,0.26
3280_rico,0,0,0,0
3281_rico,0.33,0.3,0.33,0.26
3283_rico,0,0,0,0
3284_rico,0.17,0.15,0.17,0.14
3285_rico,0.17,0.15,0.17,0.14
3287_rico,0,0,0,0
3292_rico,0.33,0.3,0.33,0.26
3293_rico,0.17,0.15,0.17,0.14
3294_rico,0.67,0.6,0.67,0.54
3295_rico,0.67,0.6,0.67,0.54
3296_rico,0,0,0,0
3297_rico,0.5,0.45,0.5,0.4
3298_rico,0.67,0.6,0.67,0.54
3299_rico,0.67,0.6,0.67,0.54
3301_rico,0.67,0.6,0.67,0.54
3306_rico,0.83,0.75,0.83,0.66
3307_rico,1,0.9,1,0.8
3308_rico,1,0.9,1,0.8
3310_rico,0,0,0,0
3311_rico,0.5,0.45,0.5,0.4
3312_rico,0.33,0.3,0.33,0.26
3313_rico,0.17,0.15,0.17,0.14
3314_rico,0.67,0.6,0.67,0.54
3315_rico,1,0.9,1,0.8
3318_rico,1,0.9,1,0.8
3319_rico,0.83,0.75,0.83,0.66
3320_rico,0.83,0.75,0.83,0.66
3321_rico,1,0.9,1,0.8
3322_rico,1,0.9,1,0.8
3323_rico,0.83,0.75,0.83,0.66
3325_rico,0.5,0.45,0.5,0.4
3326_rico,0.5,0.45,0.5,0.4
3327_rico,0,0,0,0
3328_rico,0.17,0.15,0.17,0.14
3329_rico,0.67,0.6,0.67,0.54
3330_rico,0.67,0.6,0.67,0.54
3331_rico,0.83,0.75,0.83,0.66
3332_rico,0.83,0.75,0.83,0.66
3333_rico,0.83,0.75,0.83,0.66
3334_rico,1,0.9,1,0.8
3335_rico,0,0,0,0
3336_rico,0.17,0.15,0.17,0.14
3337_rico,0.17,0.15,0.17,0.14
3338_rico,0.17,0.15,0.17,0.14
3340_rico,0,0,0,0
3341_rico,0.67,0.6,0.67,0.54
3342_rico,0.67,0.6,0.67,0.54
3343_rico,0.67,0.6,0.67,0.54
3344_rico,0.33,0.3,0.33,0.26
3345_rico,0.33,0.3,0.33,0.26
3346_rico,0.33,0.3,0.33,0.26
3347_rico,0.83,0.75,0.83,0.66
3351_rico,0.67,0.6,0.67,0.54
3352_rico,1,0.9,1,0.8
3353_rico,0.17,0.15,0.17,0.14
3354_rico,0.83,0.75,0.83,0.66
3355_rico,0.83,0.75,0.83,0.66
3356_rico,1,0.9,1,0.8
3357_rico,0.33,0.3,0.33,0.26
3358_rico,0.5,0.45,0.5,0.4
3363_rico,0.5,0.45,0.5,0.4
3364_rico,0,0,0,0
3365_rico,0.33,0.3,0.33,0.26
3366_rico,0.83,0.75,0.83,0.66
3368_rico,0.67,0.6,0.67,0.54
3369_rico,1,0.9,1,0.8
3370_rico,0.5,0.45,0.5,0.4
3371_rico,0.67,0.6,0.67,0.54
3372_rico,0.33,0.3,0.33,0.26
3373_rico,0,0,0,0
3375_rico,0.17,0.15,0.17,0.14
3376_rico,0.67,0.6,0.67,0.54
3379_rico,0.67,0.6,0.67,0.54
3380_rico,1,0.9,1,0.8
3382_rico,0.83,0.75,0.83,0.66
3383_rico,1,0.9,1,0.8
3384_rico,0.17,0.15,0.17,0.14
3385_rico,0.67,0.6,0.67,0.54
3386_rico,0.33,0.3,0.33,0.26
3387_rico,0.83,0.75,0.83,0.66
3389_rico,0.33,0.3,0.33,0.26
3393_rico,0.67,0.6,0.67,0.54
3394_rico,0.83,0.75,0.83,0.66
3395_rico,0.83,0.75,0.83,0.66
3396_rico,0.67,0.6,0.67,0.54
3397_rico,0.33,0.3,0.33,0.26
3398_rico,0.33,0.3,0.33,0.26
3399_rico,0.33,0.3,0.33,0.26
3401_rico,0.83,0.75,0.83,0.66
3404_rico,0.67,0.6,0.67,0.54
3405_rico,0.83,0.75,0.83,0.66
3407_rico,0.33,0.3,0.33,0.26
3408_rico,0.83,0.75,0.83,0.66
3409_rico,0.17,0.15,0.17,0.14
3411_rico,0.67,0.6,0.67,0.54
3412_rico,0,0,0,0
3413_rico,0.17,0.15,0.17,0.14
3415_rico,0.33,0.3,0.33,0.26
3416_rico,0,0,0,0
3419_rico,0.33,0.3,0.33,0.26
3420_rico,0.67,0.6,0.67,0.54
3423_rico,0.17,0.15,0.17,0.14
3425_rico,0.67,0.6,0.67,0.54
3426_rico,0.83,0.75,0.83,0.66
3427_rico,0.33,0.3,0.33,0.26
3428_rico,0.17,0.15,0.17,0.14
3430_rico,1,0.9,1,0.8
3431_rico,1,0.9,1,0.8
3433_rico,0.67,0.6,0.67,0.54
3436_rico,0.5,0.45,0.5,0.4
3437_rico,0.17,0.15,0.17,0.14
3438_rico,0.17,0.15,0.17,0.14
3439_rico,1,0.9,1,0.8
3440_rico,0.83,0.75,0.83,0.66
3441_rico,0.67,0.6,0.67,0.54
3442_rico,0.67,0.6,0.67,0.54
3443_rico,0.67,0.6,0.67,0.54
3444_rico,0.33,0.3,0.33,0.26
3445_rico,0.67,0.6,0.67,0.54
3446_rico,0.17,0.15,0.17,0.14
3447_rico,0,0,0,0
3448_rico,0.67,0.6,0.67,0.54
3451_rico,0,0,0,0
3452_rico,1,0.9,1,0.8
3453_rico,1,0.9,1,0.8
3456_rico,0,0,0,0
3457_rico,0,0,0,0
3458_rico,0.67,0.6,0.67,0.54
3460_rico,0.83,0.75,0.83,0.66
3461_rico,0.67,0.6,0.67,0.54
3462_rico,0,0,0,0
3463_rico,0.83,0.75,0.83,0.66
3464_rico,1,0.9,1,0.8
3467_rico,0.33,0.3,0.33,0.26
3468_rico,0.17,0.15,0.17,0.14
3469_rico,0.67,0.6,0.67,0.54
3470_rico,0.33,0.3,0.33,0.26
3472_rico,0.67,0.6,0.67,0.54
3473_rico,0,0,0,0
3474_rico,0.83,0.75,0.83,0.66
3476_rico,0.83,0.75,0.83,0.66
3477_rico,0.17,0.15,0.17,0.14
3479_rico,1,0.9,1,0.8
3480_rico,0.83,0.75,0.83,0.66
3482_rico,0.83,0.75,0.83,0.66
3484_rico,0.33,0.3,0.33,0.26
3485_rico,0.67,0.6,0.67,0.54
3487_rico,0.33,0.3,0.33,0.26
3488_rico,0.33,0.3,0.33,0.26
3489_rico,0.17,0.15,0.17,0.14
3491_rico,0.67,0.6,0.67,0.54
3492_rico,0.67,0.6,0.67,0.54
3493_rico,0.33,0.3,0.33,0.26
3495_rico,0.67,0.6,0.67,0.54
3496_rico,0.5,0.45,0.5,0.4
3497_rico,0.33,0.3,0.33,0.26
3498_rico,0.33,0.3,0.33,0.26
3500_rico,0.33,0.3,0.33,0.26
3501_rico,0.83,0.75,0.83,0.66
3503_rico,1,0.9,1,0.8
3504_rico,1,0.9,1,0.8
3506_rico,1,0.9,1,0.8
3507_rico,0.67,0.6,0.67,0.54
3508_rico,0.17,0.15,0.17,0.14
3510_rico,0.83,0.75,0.83,0.66
3511_rico,0,0,0,0
3512_rico,0.33,0.3,0.33,0.26
3515_rico,0.33,0.3,0.33,0.26
3516_rico,0.17,0.15,0.17,0.14
3517_rico,0.33,0.3,0.33,0.26
3518_rico,0.67,0.6,0.67,0.54
3523_rico,0.33,0.3,0.33,0.26
3524_rico,0,0,0,0
3525_rico,0.67,0.6,0.67,0.54
3528_rico,0.83,0.75,0.83,0.66
3529_rico,0.67,0.6,0.67,0.54
3532_rico,0.33,0.3,0.33,0.26
3533_rico,0.67,0.6,0.67,0.54
3537_rico,0.83,0.75,0.83,0.66
3539_rico,0.67,0.6,0.67,0.54
3540_rico,0.33,0.3,0.33,0.26
3543_rico,0.17,0.15,0.17,0.14
3544_rico,0.5,0.45,0.5,0.4
3546_rico,0.17,0.15,0.17,0.14
3547_rico,0.17,0.15,0.17,0.14
3548_rico,0.67,0.6,0.67,0.54
3549_rico,0.67,0.6,0.67,0.54
3550_rico,0.33,0.3,0.33,0.26
3551_rico,0.17,0.15,0.17,0.14
3553_rico,0.67,0.6,0.67,0.54
3554_rico,0.33,0.3,0.33,0.26
3555_rico,0.17,0.15,0.17,0.14
3559_rico,0.67,0.6,0.67,0.54
3560_rico,0.33,0.3,0.33,0.26
3561_rico,0.17,0.15,0.17,0.14
3562_rico,0.83,0.75,0.83,0.66
3563_rico,0,0,0,0
3564_rico,0,0,0,0
3565_rico,0.83,0.75,0.83,0.66
3567_rico,0.67,0.6,0.67,0.54
3569_rico,0,0,0,0
3573_rico,1,0.9,1,0.8
3574_rico,0.67,0.6,0.67,0.54
3577_rico,0.83,0.75,0.83,0.66
3578_rico,0.33,0.3,0.33,0.26
3579_rico,0.33,0.3,0.33,0.26
3580_rico,0.17,0.15,0.17,0.14
3581_rico,0.83,0.75,0.83,0.66
3582_rico,0.67,0.6,0.67,0.54
3584_rico,0.17,0.15,0.17,0.14
3585_rico,0.33,0.3,0.33,0.26
3587_rico,0.33,0.3,0.33,0.26
3588_rico,0.17,0.15,0.17,0.14
3589_rico,0.67,0.6,0.67,0.54
3590_rico,1,0.9,1,0.8
3592_rico,0.67,0.6,0.67,0.54
3593_rico,0.5,0.45,0.5,0.4
3594_rico,0,0,0,0
3596_rico,0.17,0.15,0.17,0.14
3597_rico,0.33,0.3,0.33,0.26
3598_rico,0.83,0.75,0.83,0.66
3600_rico,0.83,0.75,0.83,0.66
3601_rico,0.83,0.75,0.83,0.66
3602_rico,0.17,0.15,0.17,0.14
3603_rico,0.83,0.75,0.83,0.66
3604_rico,0.83,0.75,0.83,0.66
3605_rico,0.17,0.15,0.17,0.14
3607_rico,1,0.9,1,0.8
3608_rico,0.33,0.3,0.33,0.26
3610_rico,0,0,0,0
3611_rico,1,0.9,1,0.8
3613_rico,0.17,0.15,0.17,0.14
3614_rico,0.67,0.6,0.67,0.54
3616_rico,0.5,0.45,0.5,0.4
3617_rico,0.83,0.75,0.83,0.66
3618_rico,0,0,0,0
3619_rico,1,0.9,1,0.8
3620_rico,0.5,0.45,0.5,0.4
3621_rico,0.17,0.15,0.17,0.14
3623_rico,0,0,0,0
3624_rico,0.33,0.3,0.33,0.26
3625_rico,0.67,0.6,0.67,0.54
3626_rico,0.67,0.6,0.67,0.54
3628_rico,0,0,0,0
3629_rico,0.83,0.75,0.83,0.66
3630_rico,0.83,0.75,0.83,0.66
3631_rico,0.33,0.3,0.33,0.26
3632_rico,0.33,0.3,0.33,0.26
3633_rico,0.83,0.75,0.83,0.66
3634_rico,0.67,0.6,0.67,0.54
3636_rico,0.67,0.6,0.67,0.54
3637_rico,0.33,0.3,0.33,0.26
3639_rico,0.33,0.3,0.33,0.26
3641_rico,0.67,0.6,0.67,0.54
3642_rico,0.33,0.3,0.33,0.26
3643_rico,0.67,0.6,0.67,0.54
3644_rico,0,0,0,0
3645_rico,0.67,0.6,0.67,0.54
3646_rico,0.67,0.6,0.67,0.54
3648_rico,0.67,0.6,0.67,0.54
3649_rico,0.67,0.6,0.67,0.54
3650_rico,0.33,0.3,0.33,0.26
3651_rico,0.83,0.75,0.83,0.66
3652_rico,0.33,0.3,0.33,0.26
3653_rico,0.83,0.75,0.83,0.66
3654_rico,0.67,0.6,0.67,0.54
3655_rico,0.67,0.6,0.67,0.54
3657_rico,0.83,0.75,0.83,0.66
3658_rico,1,0.9,1,0.8
3659_rico,0.17,0.15,0.17,0.14
3660_rico,0.33,0.3,0.33,0.26
3662_rico,0.17,0.15,0.17,0.14
3663_rico,0.83,0.75,0.83,0.66
3666_rico,0.33,0.3,0.33,0.26
3667_rico,0.67,0.6,0.67,0.54
3668_rico,0.83,0.75,0.83,0.66
3669_rico,0.33,0.3,0.33,0.26
3671_rico,0.17,0.15,0.17,0.14
3672_rico,0.67,0.6,0.67,0.54
3673_rico,1,0.9,1,0.8
3674_rico,0.67,0.6,0.67,0.54
3675_rico,0.5,0.45,0.5,0.4
3676_rico,0.83,0.75,0.83,0.66
3677_rico,0.33,0.3,0.33,0.26
3678_rico,0.83,0.75,0.83,0.66
3679_rico,1,0.9,1,0.8
3680_rico,0.83,0.75,0.83,0.66
3681_rico,1,0.9,1,0.8
3682_rico,0.83,0.75,0.83,0.66
3684_rico,0.83,0.75,0.83,0.66
3686_rico,0.83,0.75,0.83,0.66
3687_rico,1,0.9,1,0.8
3688_rico,0.33,0.3,0.33,0.26
3690_rico,0.67,0.6,0.67,0.54
3693_rico,0.83,0.75,0.83,0.66
3694_rico,0.67,0.6,0.67,0.54
3696_rico,0.33,0.3,0.33,0.26
3697_rico,0,0,0,0
3698_rico,0,0,0,0
3699_rico,0.33,0.3,0.33,0.26
3700_rico,0.67,0.6,0.67,0.54
3701_rico,0.67,0.6,0.67,0.54
3703_rico,0.33,0.3,0.33,0.26
3704_rico,0,0,0,0
3705_rico,0.33,0.3,0.33,0.26
3706_rico,0,0,0,0
3707_rico,0.17,0.15,0.17,0.14
3708_rico,1,0.9,1,0.8
3711_rico,0.67,0.6,0.67,0.54
3713_rico,0.67,0.6,0.67,0.54
3715_rico,0.67,0.6,0.67,0.54
3716_rico,0,0,0,0
3717_rico,0.67,0.6,0.67,0.54
3718_rico,0.17,0.15,0.17,0.14
3720_rico,0.67,0.6,0.67,0.54
3722_rico,0.17,0.15,0.17,0.14
3723_rico,0.67,0.6,0.67,0.54
3724_rico,0.83,0.75,0.83,0.66
3725_rico,0,0,0,0
3729_rico,1,0.9,1,0.8
3730_rico,0.83,0.75,0.83,0.66
3731_rico,0.67,0.6,0.67,0.54
3732_rico,0.83,0.75,0.83,0.66
3736_rico,0.67,0.6,0.67,0.54
3737_rico,0.83,0.75,0.83,0.66
3738_rico,0.33,0.3,0.33,0.26
3740_rico,0,0,0,0
3743_rico,0.33,0.3,0.33,0.26
3744_rico,0.83,0.75,0.83,0.66
3745_rico,1,0.9,1,0.8
3747_rico,1,0.9,1,0.8
3748_rico,0.33,0.3,0.33,0.26
3749_rico,0.67,0.6,0.67,0.54
3750_rico,0.5,0.45,0.5,0.4
3751_rico,0.67,0.6,0.67,0.54
3752_rico,1,0.9,1,0.8
3753_rico,0,0,0,0
3754_rico,0.17,0.15,0.17,0.14
3755_rico,0.67,0.6,0.67,0.54
3756_rico,0.17,0.15,0.17,0.14
3757_rico,0.67,0.6,0.67,0.54
3758_rico,0.33,0.3,0.33,0.26
3759_rico,0.83,0.75,0.83,0.66
3760_rico,1,0.9,1,0.8
3761_rico,1,0.9,1,0.8
3765_rico,0,0,0,0
3766_rico,0.83,0.75,0.83,0.66
3767_rico,0.33,0.3,0.33,0.26
3768_rico,0.5,0.45,0.5,0.4
3770_rico,0.83,0.75,0.83,0.66
3771_rico,0,0,0,0
3772_rico,1,0.9,1,0.8
3773_rico,0.67,0.6,0.67,0.54
3775_rico,0.33,0.3,0.33,0.26
3776_rico,0.67,0.6,0.67,0.54
3777_rico,0,0,0,0
3780_rico,0,0,0,0
3781_rico,0.67,0.6,0.67,0.54
3783_rico,1,0.9,1,0.8
3785_rico,0.33,0.3,0.33,0.26
3787_rico,0.17,0.15,0.17,0.14
3788_rico,0.67,0.6,0.67,0.54
3789_rico,0.33,0.3,0.33,0.26
3791_rico,0.5,0.45,0.5,0.4
3792_rico,0.67,0.6,0.67,0.54
3794_rico,0,0,0,0
3795_rico,0,0,0,0
3796_rico,0.17,0.15,0.17,0.14
3797_rico,0.33,0.3,0.33,0.26
3798_rico,0.83,0.75,0.83,0.66
3800_rico,0.67,0.6,0.67,0.54
3802_rico,0.83,0.75,0.83,0.66
3803_rico,0.17,0.15,0.17,0.14
3804_rico,1,0.9,1,0.8
3805_rico,0.83,0.75,0.83,0.66
3806_rico,0.67,0.6,0.67,0.54
3807_rico,0.67,0.6,0.67,0.54
3808_rico,0.17,0.15,0.17,0.14
3810_rico,0,0,0,0
3812_rico,0,0,0,0
3814_rico,0,0,0,0
3818_rico,0,0,0,0
3819_rico,0.83,0.75,0.83,0.66
3823_rico,0.17,0.15,0.17,0.14
3824_rico,0.33,0.3,0.33,0.26
3825_rico,0.83,0.75,0.83,0.66
3826_rico,0.17,0.15,0.17,0.14
3827_rico,0.17,0.15,0.17,0.14
3829_rico,0,0,0,0
3830_rico,0.17,0.15,0.17,0.14
3831_rico,0.17,0.15,0.17,0.14
3834_rico,0.17,0.15,0.17,0.14
3835_rico,0.33,0.3,0.33,0.26
3838_rico,0,0,0,0
3841_rico,0.33,0.3,0.33,0.26
3842_rico,0.67,0.6,0.67,0.54
3843_rico,0.33,0.3,0.33,0.26
3844_rico,0.17,0.15,0.17,0.14
3845_rico,0,0,0,0
3846_rico,0,0,0,0
3847_rico,0.33,0.3,0.33,0.26
3848_rico,0.67,0.6,0.67,0.54
3849_rico,0,0,0,0
3851_rico,0.17,0.15,0.17,0.14
3853_rico,0.33,0.3,0.33,0.26
3854_rico,0,0,0,0
3855_rico,0.67,0.6,0.67,0.54
3856_rico,0.67,0.6,0.67,0.54
3857_rico,0.17,0.15,0.17,0.14
3858_rico,0.17,0.15,0.17,0.14
3860_rico,1,0.9,1,0.8
3862_rico,0.33,0.3,0.33,0.26
3863_rico,0.17,0.15,0.17,0.14
3865_rico,0.33,0.3,0.33,0.26
3866_rico,0.33,0.3,0.33,0.26
3867_rico,0.17,0.15,0.17,0.14
3868_rico,0.83,0.75,0.83,0.66
3870_rico,0.67,0.6,0.67,0.54
3871_rico,0.67,0.6,0.67,0.54
3872_rico,0.17,0.15,0.17,0.14
3874_rico,0.5,0.45,0.5,0.4
3875_rico,0,0,0,0
3880_rico,0.67,0.6,0.67,0.54
3883_rico,0.17,0.15,0.17,0.14
3884_rico,0.33,0.3,0.33,0.26
3886_rico,0,0,0,0
3887_rico,0.83,0.75,0.83,0.66
3888_rico,0.17,0.15,0.17,0.14
3889_rico,0.17,0.15,0.17,0.14
3890_rico,0.17,0.15,0.17,0.14
3891_rico,0.33,0.3,0.33,0.26
3893_rico,0.17,0.15,0.17,0.14
3894_rico,0.17,0.15,0.17,0.14
3895_rico,0.83,0.75,0.83,0.66
3896_rico,0.33,0.3,0.33,0.26
3897_rico,0.33,0.3,0.33,0.26
3898_rico,0,0,0,0
3899_rico,0,0,0,0
3900_rico,0.67,0.6,0.67,0.54
3901_rico,0.17,0.15,0.17,0.14
3902_rico,0,0,0,0
3903_rico,0.33,0.3,0.33,0.26
3904_rico,0.83,0.75,0.83,0.66
3908_rico,0,0,0,0
3909_rico,0.17,0.15,0.17,0.14
3910_rico,0,0,0,0
3911_rico,0,0,0,0
3912_rico,0.83,0.75,0.83,0.66
3913_rico,0.83,0.75,0.83,0.66
3915_rico,0.17,0.15,0.17,0.14
3916_rico,0.67,0.6,0.67,0.54
3919_rico,0.67,0.6,0.67,0.54
3920_rico,0.33,0.3,0.33,0.26
3921_rico,0.17,0.15,0.17,0.14
3923_rico,0.17,0.15,0.17,0.14
3924_rico,0.33,0.3,0.33,0.26
3925_rico,0.33,0.3,0.33,0.26
3929_rico,0.33,0.3,0.33,0.26
3930_rico,0.17,0.15,0.17,0.14
3933_rico,0.33,0.3,0.33,0.26
3935_rico,0.17,0.15,0.17,0.14
3936_rico,0,0,0,0
3938_rico,0.33,0.3,0.33,0.26
3939_rico,0.17,0.15,0.17,0.14
3940_rico,0.17,0.15,0.17,0.14
3941_rico,0.17,0.15,0.17,0.14
3943_rico,0.17,0.15,0.17,0.14
3944_rico,0.17,0.15,0.17,0.14
3945_rico,0.33,0.3,0.33,0.26
3947_rico,0.33,0.3,0.33,0.26
3948_rico,0.67,0.6,0.67,0.54
3949_rico,0.33,0.3,0.33,0.26
3950_rico,0.33,0.3,0.33,0.26
3951_rico,0.33,0.3,0.33,0.26
3952_rico,0,0,0,0
3953_rico,0.17,0.15,0.17,0.14
3956_rico,0.67,0.6,0.67,0.54
3957_rico,0.67,0.6,0.67,0.54
3958_rico,0.33,0.3,0.33,0.26
3959_rico,0.17,0.15,0.17,0.14
3960_rico,0.17,0.15,0.17,0.14
3962_rico,0.17,0.15,0.17,0.14
3963_rico,0,0,0,0
3964_rico,0,0,0,0
3965_rico,0.33,0.3,0.33,0.26
3966_rico,0.33,0.3,0.33,0.26
3967_rico,0.17,0.15,0.17,0.14
3968_rico,0.17,0.15,0.17,0.14
3969_rico,0.83,0.75,0.83,0.66
3971_rico,0,0,0,0
3972_rico,0.17,0.15,0.17,0.14
3977_rico,0.17,0.15,0.17,0.14
3979_rico,0.83,0.75,0.83,0.66
3980_rico,0.33,0.3,0.33,0.26
3981_rico,0.17,0.15,0.17,0.14
3982_rico,0.33,0.3,0.33,0.26
3984_rico,0,0,0,0
3985_rico,0.33,0.3,0.33,0.26
3986_rico,0.17,0.15,0.17,0.14
3988_rico,0,0,0,0
3989_rico,0.17,0.15,0.17,0.14
3990_rico,0.17,0.15,0.17,0.14
3991_rico,0.33,0.3,0.33,0.26
3993_rico,0.33,0.3,0.33,0.26
3994_rico,0.33,0.3,0.33,0.26
3995_rico,0.17,0.15,0.17,0.14
3999_rico,0.17,0.15,0.17,0.14
4003_rico,0.33,0.3,0.33,0.26
4004_rico,0.83,0.75,0.83,0.66
4006_rico,0.33,0.3,0.33,0.26
4007_rico,0,0,0,0
4008_rico,0,0,0,0
4009_rico,0.17,0.15,0.17,0.14
4010_rico,0,0,0,0
4011_rico,0.17,0.15,0.17,0.14
4012_rico,0.67,0.6,0.67,0.54
4015_rico,0,0,0,0
4016_rico,1,0.9,1,0.8
4017_rico,0.33,0.3,0.33,0.26
4019_rico,0.17,0.15,0.17,0.14
4020_rico,0.83,0.75,0.83,0.66
4022_rico,0.17,0.15,0.17,0.14
4023_rico,0.17,0.15,0.17,0.14
4024_rico,0.33,0.3,0.33,0.26
4027_rico,0,0,0,0
4029_rico,0.33,0.3,0.33,0.26
4032_rico,0.17,0.15,0.17,0.14
4033_rico,0.83,0.75,0.83,0.66
4034_rico,0.33,0.3,0.33,0.26
4036_rico,0.33,0.3,0.33,0.26
4037_rico,0.33,0.3,0.33,0.26
4038_rico,0.33,0.3,0.33,0.26
4040_rico,0,0,0,0
4041_rico,0,0,0,0
4042_rico,0,0,0,0
4043_rico,0.33,0.3,0.33,0.26
4044_rico,0.17,0.15,0.17,0.14
4045_rico,0,0,0,0
4046_rico,0.33,0.3,0.33,0.26
4048_rico,0.17,0.15,0.17,0.14
4049_rico,0.33,0.3,0.33,0.26
4050_rico,0.33,0.3,0.33,0.26
4051_rico,0.83,0.75,0.83,0.66
4052_rico,0.83,0.75,0.83,0.66
4054_rico,0.17,0.15,0.17,0.14
4055_rico,0.17,0.15,0.17,0.14
4058_rico,0.17,0.15,0.17,0.14
4061_rico,0.83,0.75,0.83,0.66
4062_rico,0.17,0.15,0.17,0.14
4063_rico,0.33,0.3,0.33,0.26
4066_rico,0.17,0.15,0.17,0.14
4067_rico,0.17,0.15,0.17,0.14
4069_rico,0.67,0.6,0.67,0.54
4071_rico,0.33,0.3,0.33,0.26
4072_rico,0.17,0.15,0.17,0.14
4073_rico,0,0,0,0
4076_rico,0.17,0.15,0.17,0.14
4077_rico,0.33,0.3,0.33,0.26
4078_rico,0.67,0.6,0.67,0.54
4080_rico,0,0,0,0
4081_rico,0.67,0.6,0.67,0.54
4082_rico,0.17,0.15,0.17,0.14
4083_rico,0.17,0.15,0.17,0.14
4084_rico,0.33,0.3,0.33,0.26
4085_rico,0.17,0.15,0.17,0.14
4086_rico,0.33,0.3,0.33,0.26
4087_rico,0.67,0.6,0.67,0.54
4088_rico,0.67,0.6,0.67,0.54
4090_rico,0.33,0.3,0.33,0.26
4091_rico,0.17,0.15,0.17,0.14
4093_rico,0.17,0.15,0.17,0.14
4094_rico,0.67,0.6,0.67,0.54
4096_rico,0,0,0,0
4097_rico,0.67,0.6,0.67,0.54
4098_rico,0,0,0,0
4099_rico,0.17,0.15,0.17,0.14
4100_rico,0,0,0,0
4101_rico,0.17,0.15,0.17,0.14
4102_rico,0,0,0,0
4105_rico,0,0,0,0
4106_rico,0.67,0.6,0.67,0.54
4108_rico,0,0,0,0
4110_rico,0.83,0.75,0.83,0.66
4111_rico,0.33,0.3,0.33,0.26
4112_rico,0.17,0.15,0.17,0.14
4113_rico,0.17,0.15,0.17,0.14
4115_rico,0,0,0,0
4118_rico,0.33,0.3,0.33,0.26
4120_rico,0.67,0.6,0.67,0.54
4122_rico,0.33,0.3,0.33,0.26
4123_rico,0.17,0.15,0.17,0.14
4124_rico,1,0.9,1,0.8
4126_rico,0,0,0,0
4127_rico,0,0,0,0
4131_rico,0.67,0.6,0.67,0.54
4132_rico,0.17,0.15,0.17,0.14
4133_rico,0.33,0.3,0.33,0.26
4134_rico,0.67,0.6,0.67,0.54
4136_rico,0.83,0.75,0.83,0.66
4137_rico,0.33,0.3,0.33,0.26
4139_rico,0,0,0,0
4140_rico,0.17,0.15,0.17,0.14
4141_rico,0,0,0,0
4143_rico,0,0,0,0
4144_rico,0.17,0.15,0.17,0.14
4145_rico,0.67,0.6,0.67,0.54
4147_rico,0.17,0.15,0.17,0.14
4148_rico,0.83,0.75,0.83,0.66
4149_rico,0.33,0.3,0.33,0.26
4150_rico,0.67,0.6,0.67,0.54
4153_rico,0,0,0,0
4154_rico,0,0,0,0
4155_rico,0.67,0.6,0.67,0.54
4156_rico,0.33,0.3,0.33,0.26
4160_rico,0.33,0.3,0.33,0.26
4161_rico,0.33,0.3,0.33,0.26
4164_rico,0.17,0.15,0.17,0.14
4165_rico,0.17,0.15,0.17,0.14
4166_rico,0.83,0.75,0.83,0.66
4167_rico,0.67,0.6,0.67,0.54
4168_rico,0,0,0,0
4169_rico,0,0,0,0
4170_rico,0,0,0,0
4171_rico,0.67,0.6,0.67,0.54
4172_rico,0.33,0.3,0.33,0.26
4173_rico,0.17,0.15,0.17,0.14
4174_rico,0.83,0.75,0.83,0.66
4175_rico,0.83,0.75,0.83,0.66
4176_rico,0.17,0.15,0.17,0.14
4177_rico,0.17,0.15,0.17,0.14
4178_rico,0.67,0.6,0.67,0.54
4179_rico,0.83,0.75,0.83,0.66
4181_rico,0.33,0.3,0.33,0.26
4183_rico,0,0,0,0
4184_rico,0,0,0,0
4185_rico,0,0,0,0
4186_rico,0,0,0,0
4187_rico,1,0.9,1,0.8
4188_rico,0.33,0.3,0.33,0.26
4189_rico,0,0,0,0
4191_rico,0,0,0,0
4193_rico,0.33,0.3,0.33,0.26
4195_rico,0.33,0.3,0.33,0.26
4197_rico,0.83,0.75,0.83,0.66
4198_rico,0.67,0.6,0.67,0.54
4199_rico,0.33,0.3,0.33,0.26
4200_rico,0.67,0.6,0.67,0.54
4201_rico,0.33,0.3,0.33,0.26
4203_rico,0.17,0.15,0.17,0.14
4204_rico,1,0.9,1,0.8
4205_rico,0.83,0.75,0.83,0.66
4206_rico,0.83,0.75,0.83,0.66
4207_rico,0.33,0.3,0.33,0.26
4209_rico,0.33,0.3,0.33,0.26
4210_rico,0.33,0.3,0.33,0.26
4211_rico,0.17,0.15,0.17,0.14
4212_rico,0.83,0.75,0.83,0.66
4213_rico,0.17,0.15,0.17,0.14
4214_rico,0.83,0.75,0.83,0.66
4215_rico,1,0.9,1,0.8
4216_rico,0.83,0.75,0.83,0.66
4217_rico,0.33,0.3,0.33,0.26
4218_rico,0.33,0.3,0.33,0.26
4219_rico,0.33,0.3,0.33,0.26
4220_rico,0.83,0.75,0.83,0.66
4221_rico,0.67,0.6,0.67,0.54
4222_rico,0.5,0.45,0.5,0.4
4224_rico,0.83,0.75,0.83,0.66
4226_rico,0.83,0.75,0.83,0.66
4227_rico,0.83,0.75,0.83,0.66
4229_rico,1,0.9,1,0.8
4230_rico,0.33,0.3,0.33,0.26
4231_rico,0.67,0.6,0.67,0.54
4232_rico,0.33,0.3,0.33,0.26
4233_rico,0.67,0.6,0.67,0.54
4234_rico,0.33,0.3,0.33,0.26
4235_rico,0.33,0.3,0.33,0.26
4239_rico,0.67,0.6,0.67,0.54
4241_rico,0.83,0.75,0.83,0.66
4242_rico,0.33,0.3,0.33,0.26
4244_rico,0,0,0,0
4245_rico,0.67,0.6,0.67,0.54
4246_rico,0.17,0.15,0.17,0.14
4247_rico,0.83,0.75,0.83,0.66
4250_rico,1,0.9,1,0.8
4251_rico,0.67,0.6,0.67,0.54
4252_rico,1,0.9,1,0.8
4253_rico,0.17,0.15,0.17,0.14
4255_rico,0.33,0.3,0.33,0.26
4256_rico,1,0.9,1,0.8
4257_rico,0.83,0.75,0.83,0.66
4259_rico,1,0.9,1,0.8
4264_rico,1,0.9,1,0.8
4267_rico,0.17,0.15,0.17,0.14
4268_rico,0.33,0.3,0.33,0.26
4270_rico,1,0.9,1,0.8
4271_rico,0.5,0.45,0.5,0.4
4272_rico,0.5,0.45,0.5,0.4
4273_rico,1,0.9,1,0.8
4275_rico,0.33,0.3,0.33,0.26
4276_rico,0.83,0.75,0.83,0.66
4277_rico,0.67,0.6,0.67,0.54
4279_rico,0.33,0.3,0.33,0.26
4280_rico,0.33,0.3,0.33,0.26
4281_rico,0.83,0.75,0.83,0.66
4283_rico,0.67,0.6,0.67,0.54
4285_rico,0.17,0.15,0.17,0.14
4286_rico,0.17,0.15,0.17,0.14
4287_rico,0.67,0.6,0.67,0.54
4289_rico,0,0,0,0
4290_rico,0.67,0.6,0.67,0.54
4291_rico,0.67,0.6,0.67,0.54
4292_rico,1,0.9,1,0.8
4293_rico,0.33,0.3,0.33,0.26
4294_rico,0.17,0.15,0.17,0.14
4295_rico,0.67,0.6,0.67,0.54
4296_rico,0.33,0.3,0.33,0.26
4297_rico,0.67,0.6,0.67,0.54
4299_rico,0.83,0.75,0.83,0.66
4301_rico,0.67,0.6,0.67,0.54
4302_rico,0.33,0.3,0.33,0.26
4303_rico,0.83,0.75,0.83,0.66
4304_rico,0.33,0.3,0.33,0.26
4306_rico,0.33,0.3,0.33,0.26
4307_rico,0.33,0.3,0.33,0.26
4308_rico,0.33,0.3,0.33,0.26
4309_rico,0.17,0.15,0.17,0.14
4310_rico,0.33,0.3,0.33,0.26
4311_rico,0.83,0.75,0.83,0.66
4313_rico,0.17,0.15,0.17,0.14
4315_rico,0.33,0.3,0.33,0.26
4316_rico,0.83,0.75,0.83,0.66
4318_rico,1,0.9,1,0.8
4319_rico,0.83,0.75,0.83,0.66
4320_rico,1,0.9,1,0.8
4322_rico,0.33,0.3,0.33,0.26
4323_rico,0.33,0.3,0.33,0.26
4324_rico,1,0.9,1,0.8
4325_rico,0.83,0.75,0.83,0.66
4326_rico,0.83,0.75,0.83,0.66
4329_rico,0.33,0.3,0.33,0.26
4331_rico,0.83,0.75,0.83,0.66
4332_rico,0.83,0.75,0.83,0.66
4333_rico,0.83,0.75,0.83,0.66
4335_rico,0.33,0.3,0.33,0.26
4337_rico,0,0,0,0
4338_rico,0,0,0,0
4339_rico,1,0.9,1,0.8
4340_rico,0.33,0.3,0.33,0.26
4342_rico,0.67,0.6,0.67,0.54
4343_rico,0.33,0.3,0.33,0.26
4344_rico,0.33,0.3,0.33,0.26
4351_rico,0,0,0,0
4354_rico,0.17,0.15,0.17,0.14
4356_rico,0.67,0.6,0.67,0.54
4357_rico,0.17,0.15,0.17,0.14
4358_rico,0.67,0.6,0.67,0.54
4359_rico,0.33,0.3,0.33,0.26
4361_rico,0.83,0.75,0.83,0.66
4362_rico,0.33,0.3,0.33,0.26
4366_rico,0.67,0.6,0.67,0.54
4368_rico,0,0,0,0
4369_rico,0.17,0.15,0.17,0.14
4370_rico,0.83,0.75,0.83,0.66
4371_rico,0.83,0.75,0.83,0.66
4373_rico,0.17,0.15,0.17,0.14
4374_rico,1,0.9,1,0.8
4375_rico,0.67,0.6,0.67,0.54
4376_rico,0.83,0.75,0.83,0.66
4377_rico,0.17,0.15,0.17,0.14
4379_rico,0.17,0.15,0.17,0.14
4380_rico,0.67,0.6,0.67,0.54
4381_rico,1,0.9,1,0.8
4383_rico,0.17,0.15,0.17,0.14
4384_rico,0,0,0,0
4385_rico,0.5,0.45,0.5,0.4
4387_rico,0.67,0.6,0.67,0.54
4388_rico,0.67,0.6,0.67,0.54
4391_rico,0.83,0.75,0.83,0.66
4392_rico,0.33,0.3,0.33,0.26
4394_rico,0,0,0,0
4395_rico,1,0.9,1,0.8
4397_rico,0.83,0.75,0.83,0.66
4398_rico,1,0.9,1,0.8
4401_rico,0.67,0.6,0.67,0.54
4402_rico,0.83,0.75,0.83,0.66
4404_rico,0,0,0,0
4406_rico,0.83,0.75,0.83,0.66
4407_rico,0.83,0.75,0.83,0.66
4408_rico,0.67,0.6,0.67,0.54
4409_rico,0.67,0.6,0.67,0.54
4411_rico,0.33,0.3,0.33,0.26
4416_rico,0.33,0.3,0.33,0.26
4417_rico,0,0,0,0
4418_rico,0.83,0.75,0.83,0.66
4420_rico,0.17,0.15,0.17,0.14
4421_rico,0.83,0.75,0.83,0.66
4422_rico,0.33,0.3,0.33,0.26
4424_rico,0.83,0.75,0.83,0.66
4425_rico,0.33,0.3,0.33,0.26
4426_rico,1,0.9,1,0.8
4427_rico,0.83,0.75,0.83,0.66
4428_rico,0.67,0.6,0.67,0.54
4429_rico,0.83,0.75,0.83,0.66
4431_rico,1,0.9,1,0.8
4432_rico,0.33,0.3,0.33,0.26
4433_rico,0.17,0.15,0.17,0.14
4435_rico,0.83,0.75,0.83,0.66
4436_rico,0.83,0.75,0.83,0.66
4437_rico,0,0,0,0
4438_rico,0.83,0.75,0.83,0.66
4442_rico,0.83,0.75,0.83,0.66
4443_rico,0.33,0.3,0.33,0.26
4444_rico,0.17,0.15,0.17,0.14
4446_rico,0,0,0,0
4448_rico,0.67,0.6,0.67,0.54
4449_rico,0,0,0,0
4450_rico,0.67,0.6,0.67,0.54
4452_rico,0.17,0.15,0.17,0.14
4453_rico,0.67,0.6,0.67,0.54
4454_rico,0.83,0.75,0.83,0.66
4456_rico,0.67,0.6,0.67,0.54
4457_rico,0.83,0.75,0.83,0.66
4458_rico,0.17,0.15,0.17,0.14
4459_rico,0.67,0.6,0.67,0.54
4461_rico,0.67,0.6,0.67,0.54
4462_rico,0.17,0.15,0.17,0.14
4464_rico,0.83,0.75,0.83,0.66
4465_rico,0.67,0.6,0.67,0.54
4466_rico,0.33,0.3,0.33,0.26
4469_rico,1,0.9,1,0.8
4472_rico,0.33,0.3,0.33,0.26
4473_rico,1,0.9,1,0.8
4474_rico,0.17,0.15,0.17,0.14
4475_rico,0.83,0.75,0.83,0.66
4476_rico,0.17,0.15,0.17,0.14
4478_rico,0.33,0.3,0.33,0.26
4479_rico,0.17,0.15,0.17,0.14
4480_rico,0,0,0,0
4481_rico,0.17,0.15,0.17,0.14
4482_rico,0.17,0.15,0.17,0.14
4483_rico,0.17,0.15,0.17,0.14
4484_rico,0.83,0.75,0.83,0.66
4485_rico,0.17,0.15,0.17,0.14
4486_rico,0.17,0.15,0.17,0.14
4487_rico,0.17,0.15,0.17,0.14
4489_rico,0.5,0.45,0.5,0.4
4490_rico,0.67,0.6,0.67,0.54
4491_rico,0.17,0.15,0.17,0.14
4498_rico,0.67,0.6,0.67,0.54
4500_rico,0.33,0.3,0.33,0.26
